Rnd,Pick,Team,Player,Year,TeamYear,Pos,CarAV,DrAV
1,1,DET,Matthew Stafford,2008,DET2008,QB,85,85
1,2,SL,Jason Smith,2008,SL2008,T,10,9
1,3,KC,Tyson Jackson,2008,KC2008,DE,35,24
1,4,SEA,Aaron Curry,2008,SEA2008,LB,17,13
1,5,NYJ,Mark Sanchez,2008,NYJ2008,QB,34,27
1,6,CIN,Andre Smith,2008,CIN2008,T,42,41
1,7,OAK,Darrius Heyward-Bey,2008,OAK2008,WR,22,16
1,8,JAX,Eugene Monroe,2008,JAX2008,T,33,23
1,9,GB,B.J. Raji,2008,GB2008,DT,33,33
1,10,SF,Michael Crabtree,2008,SF2008,WR,50,33
1,11,BUF,Aaron Maybin,2008,BUF2008,DE,5,2
1,12,DEN,Knowshon Moreno,2008,DEN2008,RB,33,32
1,13,WAS,Brian Orakpo,2008,WAS2008,LB,54,33
1,14,NO,Malcolm Jenkins,2008,NO2008,DB,52,24
1,15,HST,Brian Cushing,2008,HST2008,LB,52,52
1,16,SD,Larry English,2008,SD2008,LB,7,7
1,17,TB,Josh Freeman,2008,TB2008,QB,38,37
1,18,DEN,Robert Ayers,2008,DEN2008,DE,27,13
1,19,PHI,Jeremy Maclin,2008,PHI2008,WR,51,34
1,20,DET,Brandon Pettigrew,2008,DET2008,TE,22,22
1,21,CLV,Alex Mack,2008,CLV2008,C,65,35
1,22,MIN,Percy Harvin,2008,MIN2008,WR,43,37
1,23,BLT,Michael Oher,2008,BLT2008,T,43,31
1,24,ATL,Peria Jerry,2008,ATL2008,DT,14,14
1,25,MIA,Vontae Davis,2008,MIA2008,DB,42,11
1,26,GB,Clay Matthews,2008,GB2008,LB,77,77
1,27,IND,Donald Brown,2008,IND2008,RB,25,21
1,28,BUF,Eric Wood,2008,BUF2008,C,47,47
1,29,NYG,Hakeem Nicks,2008,NYG2008,WR,40,37
1,30,TEN,Kenny Britt,2008,TEN2008,WR,35,20
1,31,ARZ,Beanie Wells,2008,ARZ2008,RB,14,14
1,32,PIT,Evander Hood,2008,PIT2008,DE,38,27
2,33,DET,Louis Delmas,2008,DET2008,DB,26,23
2,34,NE,Patrick Chung,2008,NE2008,DB,31,28
2,35,SL,James Laurinaitis,2008,SL2008,LB,54,52
2,36,CLV,Brian Robiskie,2008,CLV2008,WR,3,3
2,37,DEN,Alphonso Smith,2008,DEN2008,DB,8,1
2,38,CIN,Rey Maualuga,2008,CIN2008,LB,48,46
2,39,JAX,Eben Britton,2008,JAX2008,T,17,13
2,40,NE,Ron Brace,2008,NE2008,DT,5,5
2,41,NE,Darius Butler,2008,NE2008,DB,22,5
2,42,BUF,Jairus Byrd,2008,BUF2008,DB,40,33
2,43,CAR,Everette Brown,2008,CAR2008,DE,6,5
2,44,MIA,Pat White,2008,MIA2008,QB,1,1
2,45,NYG,Clint Sintim,2008,NYG2008,LB,2,2
2,46,HST,Connor Barwin,2008,HST2008,DE,49,16
2,47,OAK,Mike Mitchell,2008,OAK2008,DB,32,4
2,48,DEN,Darcel McBath,2008,DEN2008,DB,3,2
2,49,SEA,Max Unger,2008,SEA2008,C,61,36
2,50,CLV,Mohamed Massaquoi,2008,CLV2008,WR,12,12
2,51,BUF,Andy Levitre,2008,BUF2008,G,55,24
2,52,CLV,David Veikune,2008,CLV2008,LB,1,1
2,53,PHI,LeSean McCoy,2008,PHI2008,RB,78,52
2,54,MIN,Phil Loadholt,2008,MIN2008,T,40,40
2,55,ATL,William Moore,2008,ATL2008,DB,29,29
2,56,IND,Fili Moala,2008,IND2008,DT,18,18
2,57,BLT,Paul Kruger,2008,BLT2008,DE,32,7
2,58,NE,Sebastian Vollmer,2008,NE2008,T,53,53
2,59,CAR,Sherrod Martin,2008,CAR2008,DB,17,14
2,60,NYG,Will Beatty,2008,NYG2008,T,30,30
2,61,MIA,Sean Smith,2008,MIA2008,DB,38,18
2,62,TEN,Sen'Derrick Marks,2008,TEN2008,DT,27,11
2,63,ARZ,Cody Brown,2008,ARZ2008,LB,,
2,64,DEN,Richard Quinn,2008,DEN2008,TE,0,0
3,65,NYJ,Shonn Greene,2008,NYJ2008,RB,23,20
3,66,SL,Bradley Fletcher,2008,SL2008,DB,24,13
3,67,KC,Alex Magee,2008,KC2008,DE,2,1
3,68,CHI,Jarron Gilbert,2008,CHI2008,DT,0,0
3,69,DAL,Jason Williams,2008,DAL2008,LB,4,0
3,70,CIN,Michael Johnson,2008,CIN2008,DE,49,45
3,71,OAK,Matt Shaughnessy,2008,OAK2008,DE,24,13
3,72,JAX,Terrance Knighton,2008,JAX2008,DT,38,18
3,73,JAX,Derek Cox,2008,JAX2008,DB,20,17
3,74,SF,Glen Coffee,2008,SF2008,RB,2,2
3,75,DAL,Robert Brewster,2008,DAL2008,T,0,0
3,76,DET,DeAndre Levy,2008,DET2008,LB,43,43
3,77,HST,Antoine Caldwell,2008,HST2008,G,11,11
3,78,SD,Louis Vasquez,2008,SD2008,G,58,25
3,79,PIT,Kraig Urbik,2008,PIT2008,T,28,
3,80,WAS,Kevin Barnes,2008,WAS2008,DB,3,3
3,81,TB,Roy Miller,2008,TB2008,DT,34,16
3,82,DET,Derrick Williams,2008,DET2008,WR,0,0
3,83,NE,Brandon Tate,2008,NE2008,WR,16,8
3,84,PIT,Mike Wallace,2008,PIT2008,WR,57,31
3,85,NYG,Ramses Barden,2008,NYG2008,WR,4,4
3,86,MIN,Asher Allen,2008,MIN2008,DB,9,9
3,87,MIA,Patrick Turner,2008,MIA2008,WR,1,0
3,88,BLT,Lardarius Webb,2008,BLT2008,DB,36,36
3,89,TEN,Jared Cook,2008,TEN2008,TE,34,12
3,90,ATL,Chris Owens,2008,ATL2008,DB,11,8
3,91,SEA,Deon Butler,2008,SEA2008,WR,4,4
3,92,IND,Jerraud Powers,2008,IND2008,DB,28,15
3,93,CAR,Corvey Irvin,2008,CAR2008,DT,1,0
3,94,TEN,Ryan Mouton,2008,TEN2008,DB,3,3
3,95,ARZ,Rashad Johnson,2008,ARZ2008,DB,24,21
3,96,PIT,Keenan Lewis,2008,PIT2008,DB,23,11
3,97,NE,Tyrone McKenzie,2008,NE2008,LB,1,
3,98,CIN,Chase Coffman,2008,CIN2008,TE,0,0
3,99,CHI,Juaquin Iglesias,2008,CHI2008,WR,0,0
3,100,NYG,Travis Beckum,2008,NYG2008,TE,2,2
4,101,DAL,Stephen McGee,2008,DAL2008,QB,2,2
4,102,KC,Donald Washington,2008,KC2008,DB,2,2
4,103,SL,Darell Scott,2008,SL2008,DT,5,5
4,104,CLV,Kaluka Maiava,2008,CLV2008,LB,13,12
4,105,CHI,Henry Melton,2008,CHI2008,DE,25,21
4,106,CIN,Jonathan Luigs,2008,CIN2008,C,1,1
4,107,JAX,Mike Thomas,2008,JAX2008,WR,21,20
4,108,MIA,Brian Hartline,2008,MIA2008,WR,32,30
4,109,GB,T.J. Lang,2008,GB2008,T,59,52
4,110,DAL,Victor Butler,2008,DAL2008,LB,6,6
4,111,CAR,Mike Goodson,2008,CAR2008,RB,7,4
4,112,HST,Glover Quin,2008,HST2008,DB,48,17
4,113,SD,Vaughn Martin,2008,SD2008,DT,13,13
4,114,DEN,David Bruton,2008,DEN2008,DB,10,9
4,115,DET,Sammie Lee Hill,2008,DET2008,DT,21,9
4,116,NO,Chip Vaughn,2008,NO2008,DB,0,
4,117,TB,Kyle Moore,2008,TB2008,DE,8,5
4,118,NO,Stanley Arnoux,2008,NO2008,LB,1,1
4,119,CHI,D.J. Moore,2008,CHI2008,DB,6,6
4,120,DAL,Brandon Williams,2008,DAL2008,DE,0,0
4,121,BUF,Shawn Nelson,2008,BUF2008,TE,1,1
4,122,HST,Anthony Hill,2008,HST2008,TE,0,0
4,123,NE,Rich Ohrnberger,2008,NE2008,G,8,0
4,124,OAK,Louis Murphy,2008,OAK2008,WR,18,10
4,125,ATL,Lawrence Sidbury,2008,ATL2008,DE,5,5
4,126,OAK,Slade Norris,2008,OAK2008,DE,0,0
4,127,IND,Austin Collie,2008,IND2008,WR,18,17
4,128,CAR,Tony Fiammetta,2008,CAR2008,RB,1,0
4,129,NYG,Andre Brown,2008,NYG2008,RB,7,7
4,130,TEN,Gerald McRath,2008,TEN2008,LB,7,7
4,131,ARZ,Greg Toler,2008,ARZ2008,DB,20,7
4,132,DEN,Seth Olsen,2008,DEN2008,G,3,0
4,133,SD,Tyronne Green,2008,SD2008,G,15,15
4,134,SD,Gartrell Johnson,2008,SD2008,RB,0,
4,135,TEN,Troy Kropog,2008,TEN2008,T,0,0
4,136,IND,Terrance Taylor,2008,IND2008,DT,,
5,137,BLT,Jason Phillips,2008,BLT2008,LB,3,1
5,138,ATL,William Middleton,2008,ATL2008,DB,7,
5,139,KC,Colin Brown,2008,KC2008,T,3,
5,140,CHI,Johnny Knox,2008,CHI2008,WR,19,19
5,141,DEN,Kenny McKinley,2008,DEN2008,WR,0,0
5,142,CIN,Kevin Huber,2008,CIN2008,P,17,17
5,143,DAL,DeAngelo Smith,2008,DAL2008,DB,1,
5,144,JAX,Jarett Dillard,2008,JAX2008,WR,3,3
5,145,GB,Quinn Johnson,2008,GB2008,RB,0,0
5,146,SF,Scott McKillop,2008,SF2008,LB,2,2
5,147,BUF,Nic Harris,2008,BUF2008,LB,5,2
5,148,SD,Brandon Hughes,2008,SD2008,DB,2,
5,149,BLT,Davon Drew,2008,BLT2008,TE,,
5,150,MIN,Jasper Brinkley,2008,MIN2008,LB,20,15
5,151,NYG,Rhett Bomar,2008,NYG2008,QB,,
5,152,HST,James Casey,2008,HST2008,TE,7,7
5,153,PHI,Cornelius Ingram,2008,PHI2008,TE,,
5,154,CHI,Marcus Freeman,2008,CHI2008,LB,,
5,155,TB,Xavier Fulton,2008,TB2008,T,,
5,156,ATL,Garrett Reynolds,2008,ATL2008,T,18,13
5,157,PHI,Victor Harris,2008,PHI2008,DB,3,3
5,158,WAS,Cody Glenn,2008,WAS2008,LB,2,
5,159,PHI,Fenuki Tupou,2008,PHI2008,T,,
5,160,SL,Brooks Foster,2008,SL2008,WR,,
5,161,MIA,John Nalbone,2008,MIA2008,TE,0,0
5,162,GB,Jamon Meredith,2008,GB2008,T,14,0
5,163,CAR,Duke Robinson,2008,CAR2008,G,,
5,164,NO,Thomas Morstead,2008,NO2008,P,21,21
5,165,MIA,Chris Clemons,2008,MIA2008,DB,19,19
5,166,DAL,Michael Hamlin,2008,DAL2008,DB,0,0
5,167,ARZ,Herman Johnson,2008,ARZ2008,T,,
5,168,PIT,Joe Burnett,2008,PIT2008,DB,1,1
5,169,PIT,Frank Summers,2008,PIT2008,RB,1,0
5,170,NE,George Bussey,2008,NE2008,T,,
5,171,SF,Nate Davis,2008,SF2008,QB,,
5,172,DAL,David Buehler,2008,DAL2008,K,2,2
5,173,TEN,Javon Ringer,2008,TEN2008,RB,4,4
6,174,DEN,Tom Brandstater,2008,DEN2008,QB,0,
6,175,KC,Quinten Lawrence,2008,KC2008,WR,0,0
6,176,ATL,Spencer Adkins,2008,ATL2008,LB,2,2
6,177,CLV,Don Carey,2008,CLV2008,DB,12,
6,178,SEA,Mike Teel,2008,SEA2008,QB,,
6,179,CIN,Morgan Trent,2008,CIN2008,DB,4,2
6,180,JAX,Zach Miller,2008,JAX2008,TE,12,4
6,181,MIA,Andrew Gardner,2008,MIA2008,T,5,0
6,182,GB,Jarius Wynn,2008,GB2008,DE,8,5
6,183,BUF,Cary Harris,2008,BUF2008,DB,1,1
6,184,SF,Bear Pascoe,2008,SF2008,TE,3,
6,185,BLT,Cedric Peerman,2008,BLT2008,RB,4,
6,186,WAS,Robert Henson,2008,WAS2008,LB,0,0
6,187,GB,Brandon Underwood,2008,GB2008,DB,2,2
6,188,HST,Brice McCain,2008,HST2008,DB,19,7
6,189,SD,Kevin Ellison,2008,SD2008,LB,4,4
6,190,CHI,Al Afalava,2008,CHI2008,DB,6,5
6,191,CLV,Coye Francies,2008,CLV2008,DB,1,0
6,192,DET,Aaron Brown,2008,DET2008,RB,2,2
6,193,NYJ,Matt Slauson,2008,NYJ2008,G,39,13
6,194,PHI,Brandon Gibson,2008,PHI2008,WR,17,0
6,195,CLV,James Davis,2008,CLV2008,RB,1,0
6,196,SL,Keith Null,2008,SL2008,QB,1,1
6,197,DAL,Stephen Hodge,2008,DAL2008,DB,,
6,198,NE,Jake Ingram,2008,NE2008,C,1,1
6,199,OAK,Stryker Sulak,2008,OAK2008,DE,,
6,200,NYG,DeAndre Wright,2008,NYG2008,DB,,
6,201,IND,Curtis Painter,2008,IND2008,QB,2,2
6,202,OAK,Brandon Myers,2008,OAK2008,TE,12,8
6,203,TEN,Jason McCourty,2008,TEN2008,DB,37,32
6,204,ARZ,Will Davis,2008,ARZ2008,DE,3,3
6,205,PIT,Ra'Shon Harris,2008,PIT2008,DT,0,
6,206,TEN,Dominique Edison,2008,TEN2008,WR,0,0
6,207,NE,Myron Pryor,2008,NE2008,DT,1,1
6,208,DAL,John Phillips,2008,DAL2008,TE,2,2
6,209,CIN,Bernard Scott,2008,CIN2008,RB,9,9
7,210,ATL,Vance Walker,2008,ATL2008,DT,20,9
7,211,SL,Chris Ogbonnaya,2008,SL2008,RB,8,0
7,212,KC,Javarris Williams,2008,KC2008,RB,0,0
7,213,PHI,Paul Fanaika,2008,PHI2008,G,13,
7,214,MIA,J.D. Folsom,2008,MIA2008,LB,0,0
7,215,CIN,Fui Vakapuna,2008,CIN2008,RB,,
7,216,CAR,Captain Munnerlyn,2008,CAR2008,DB,34,21
7,217,TB,E.J. Biggers,2008,TB2008,DB,13,8
7,218,GB,Brad Jones,2008,GB2008,LB,18,18
7,219,SF,Curtis Taylor,2008,SF2008,DB,1,1
7,220,BUF,Ellis Lankster,2008,BUF2008,DB,5,1
7,221,WAS,Eddie Williams,2008,WAS2008,RB,0,
7,222,IND,Pat McAfee,2008,IND2008,K,18,18
7,223,HST,Troy Nolan,2008,HST2008,DB,5,5
7,224,SD,Demetrius Byrd,2008,SD2008,WR,,
7,225,DEN,Blake Schlueter,2008,DEN2008,C,,
7,226,PIT,A.Q. Shipley,2008,PIT2008,C,24,
7,227,DAL,Mike Mickens,2008,DAL2008,DB,,
7,228,DET,Lydon Murtha,2008,DET2008,T,2,
7,229,DAL,Manuel Johnson,2008,DAL2008,WR,0,0
7,230,PHI,Moise Fokou,2008,PHI2008,LB,20,13
7,231,MIN,Jamarca Sanford,2008,MIN2008,DB,17,16
7,232,NE,Julian Edelman,2008,NE2008,WR,45,45
7,233,TB,Sammie Stroughter,2008,TB2008,WR,5,5
7,234,NE,Darryl Richard,2008,NE2008,DT,,
7,235,DET,Zack Follett,2008,DET2008,LB,2,2
7,236,IND,Jaimie Thomas,2008,IND2008,T,1,1
7,237,KC,Jake O'Connell,2008,KC2008,TE,0,0
7,238,NYG,Stoney Woodson,2008,NYG2008,DB,,
7,239,TEN,Ryan Durand,2008,TEN2008,G,0,0
7,240,ARZ,LaRod Stephens-Howling,2008,ARZ2008,RB,9,9
7,241,PIT,David Johnson,2008,PIT2008,TE,3,3
7,242,TEN,Nick Schommer,2008,TEN2008,DB,1,1
7,243,WAS,Marko Mitchell,2008,WAS2008,WR,0,0
7,244,SF,Ricky Jean-Francois,2008,SF2008,DT,20,4
7,245,SEA,Courtney Greene,2008,SEA2008,DB,5,
7,246,CHI,Lance Louis,2008,CHI2008,G,18,12
7,247,SEA,Nick Reed,2008,SEA2008,DE,3,2
7,248,SEA,Cameron Morrah,2008,SEA2008,TE,2,2
7,249,CIN,Clinton McDonald,2008,CIN2008,DT,24,1
7,250,JAX,Rashad Jennings,2008,JAX2008,RB,31,8
7,251,CHI,Derek Kinder,2008,CHI2008,WR,,
7,252,CIN,Freddie Brown,2008,CIN2008,WR,,
7,253,JAX,Tiquan Underwood,2008,JAX2008,WR,9,1
7,254,ARZ,Trevor Canfield,2008,ARZ2008,G,,
7,255,DET,Dan Gronkowski,2008,DET2008,TE,1,0
7,256,KC,Ryan Succop,2008,KC2008,K,24,11
1,1,SL,Sam Bradford,2009,SL2009,QB,43,24
1,2,DET,Ndamukong Suh,2009,DET2009,DT,79,58
1,3,TB,Gerald McCoy,2009,TB2009,DT,61,61
1,4,WAS,Trent Williams,2009,WAS2009,T,61,61
1,5,KC,Eric Berry,2009,KC2009,DB,48,48
1,6,SEA,Russell Okung,2009,SEA2009,T,48,34
1,7,CLV,Joe Haden,2009,CLV2009,DB,43,40
1,8,OAK,Rolando McClain,2009,OAK2009,LB,26,15
1,9,BUF,C.J. Spiller,2009,BUF2009,RB,34,32
1,10,JAX,Tyson Alualu,2009,JAX2009,DT,39,34
1,11,SF,Anthony Davis,2009,SF2009,T,31,31
1,12,SD,Ryan Mathews,2009,SD2009,RB,43,36
1,13,PHI,Brandon Graham,2009,PHI2009,DE,34,34
1,14,SEA,Earl Thomas,2009,SEA2009,DB,71,71
1,15,NYG,Jason Pierre-Paul,2009,NYG2009,DE,53,53
1,16,TEN,Derrick Morgan,2009,TEN2009,DE,36,36
1,17,SF,Mike Iupati,2009,SF2009,G,58,41
1,18,PIT,Maurkice Pouncey,2009,PIT2009,C,61,61
1,19,ATL,Sean Weatherspoon,2009,ATL2009,LB,22,22
1,20,HST,Kareem Jackson,2009,HST2009,DB,36,36
1,21,CIN,Jermaine Gresham,2009,CIN2009,TE,27,22
1,22,DEN,Demaryius Thomas,2009,DEN2009,WR,64,64
1,23,GB,Bryan Bulaga,2009,GB2009,T,45,45
1,24,DAL,Dez Bryant,2009,DAL2009,WR,61,61
1,25,DEN,Tim Tebow,2009,DEN2009,QB,12,11
1,26,ARZ,Dan Williams,2009,ARZ2009,DT,32,22
1,27,NE,Devin McCourty,2009,NE2009,DB,51,51
1,28,MIA,Jared Odrick,2009,MIA2009,DE,29,20
1,29,NYJ,Kyle Wilson,2009,NYJ2009,DB,15,13
1,30,DET,Jahvid Best,2009,DET2009,RB,13,13
1,31,IND,Jerry Hughes,2009,IND2009,DE,36,4
1,32,NO,Patrick Robinson,2009,NO2009,DB,22,12
2,33,SL,Rodger Saffold,2009,SL2009,T,38,38
2,34,MIN,Chris Cook,2009,MIN2009,DB,9,9
2,35,TB,Brian Price,2009,TB2009,DT,4,4
2,36,KC,Dexter McCluster,2009,KC2009,WR,21,17
2,37,PHI,Nate Allen,2009,PHI2009,DB,29,26
2,38,CLV,T.J. Ward,2009,CLV2009,DB,39,23
2,39,TB,Arrelious Benn,2009,TB2009,WR,8,7
2,40,MIA,Koa Misi,2009,MIA2009,LB,32,32
2,41,BUF,Torell Troup,2009,BUF2009,DT,3,3
2,42,NE,Rob Gronkowski,2009,NE2009,TE,66,66
2,43,BLT,Sergio Kindle,2009,BLT2009,LB,0,0
2,44,OAK,Lamarr Houston,2009,OAK2009,DE,32,26
2,45,DEN,Zane Beadles,2009,DEN2009,G,49,31
2,46,NYG,Linval Joseph,2009,NYG2009,DT,52,18
2,47,ARZ,Daryl Washington,2009,ARZ2009,LB,36,36
2,48,CAR,Jimmy Clausen,2009,CAR2009,QB,3,0
2,49,SF,Taylor Mays,2009,SF2009,DB,9,3
2,50,KC,Javier Arenas,2009,KC2009,DB,8,7
2,51,MIN,Toby Gerhart,2009,MIN2009,RB,16,13
2,52,PIT,Jason Worilds,2009,PIT2009,DE,21,21
2,53,NE,Jermaine Cunningham,2009,NE2009,LB,8,8
2,54,CIN,Carlos Dunlap,2009,CIN2009,DE,52,52
2,55,DAL,Sean Lee,2009,DAL2009,LB,45,45
2,56,GB,Mike Neal,2009,GB2009,DE,17,17
2,57,BLT,Terrence Cody,2009,BLT2009,DT,14,14
2,58,HST,Ben Tate,2009,HST2009,RB,14,13
2,59,CLV,Montario Hardesty,2009,CLV2009,RB,4,4
2,60,SEA,Golden Tate,2009,SEA2009,WR,50,17
2,61,NYJ,Vlad Ducasse,2009,NYJ2009,T,18,2
2,62,NE,Brandon Spikes,2009,NE2009,LB,23,18
2,63,IND,Pat Angerer,2009,IND2009,LB,17,17
2,64,NO,Charles Brown,2009,NO2009,T,15,15
3,65,SL,Jerome Murphy,2009,SL2009,DB,3,2
3,66,DET,Amari Spievey,2009,DET2009,DB,12,12
3,67,TB,Myron Lewis,2009,TB2009,DB,1,1
3,68,KC,Jon Asamoah,2009,KC2009,G,21,13
3,69,OAK,Jared Veldheer,2009,OAK2009,T,44,20
3,70,BLT,Ed Dickson,2009,BLT2009,TE,15,9
3,71,GB,Morgan Burnett,2009,GB2009,DB,30,30
3,72,BUF,Alex Carrington,2009,BUF2009,DE,7,6
3,73,MIA,John Jerry,2009,MIA2009,T,39,17
3,74,JAX,D'Anthony Smith,2009,JAX2009,DT,1,1
3,75,CHI,Major Wright,2009,CHI2009,DB,20,17
3,76,NYG,Chad Jones,2009,NYG2009,DB,,
3,77,TEN,Damian Williams,2009,TEN2009,WR,9,9
3,78,CAR,Brandon LaFell,2009,CAR2009,WR,42,17
3,79,SD,Donald Butler,2009,SD2009,LB,29,27
3,80,DEN,J.D. Walton,2009,DEN2009,C,23,15
3,81,HST,Earl Mitchell,2009,HST2009,DT,26,10
3,82,PIT,Emmanuel Sanders,2009,PIT2009,WR,45,13
3,83,ATL,Corey Peters,2009,ATL2009,DT,34,24
3,84,CIN,Jordan Shipley,2009,CIN2009,WR,7,5
3,85,CLV,Colt McCoy,2009,CLV2009,QB,12,10
3,86,PHI,Daniel Te'o-Nesheim,2009,PHI2009,DE,12,1
3,87,DEN,Eric Decker,2009,DEN2009,WR,46,28
3,88,ARZ,Andre Roberts,2009,ARZ2009,WR,21,14
3,89,CAR,Armanti Edwards,2009,CAR2009,WR,1,1
3,90,NE,Taylor Price,2009,NE2009,WR,1,1
3,91,SF,NaVorro Bowman,2009,SF2009,LB,68,64
3,92,CLV,Shawn Lauvao,2009,CLV2009,G,33,15
3,93,KC,Tony Moeaki,2009,KC2009,TE,10,9
3,94,IND,Kevin Thomas,2009,IND2009,DB,2,2
3,95,NO,Jimmy Graham,2009,NO2009,TE,53,39
3,96,CIN,Brandon Ghee,2009,CIN2009,DB,3,2
3,97,TEN,Rennie Curran,2009,TEN2009,LB,1,1
3,98,ATL,Mike Johnson,2009,ATL2009,G,2,2
4,99,SL,Mardy Gilyard,2009,SL2009,WR,1,1
4,100,MIN,Everson Griffen,2009,MIN2009,DE,50,50
4,101,TB,Mike Williams,2009,TB2009,WR,25,25
4,102,HST,Darryl Sharpton,2009,HST2009,LB,10,9
4,103,WAS,Perry Riley,2009,WAS2009,LB,30,27
4,104,TEN,Alterraun Verner,2009,TEN2009,DB,33,24
4,105,PHI,Trevard Lindley,2009,PHI2009,DB,1,1
4,106,OAK,Bruce Campbell,2009,OAK2009,T,1,1
4,107,BUF,Marcus Easley,2009,BUF2009,WR,1,1
4,108,OAK,Jacoby Ford,2009,OAK2009,WR,12,12
4,109,CHI,Corey Wootton,2009,CHI2009,DE,15,13
4,110,SD,Darrell Stuckey,2009,SD2009,DB,8,8
4,111,SEA,Walter Thurmond,2009,SEA2009,DB,12,5
4,112,NYJ,Joe McKnight,2009,NYJ2009,RB,7,6
4,113,NE,Aaron Hernandez,2009,NE2009,TE,22,22
4,114,BLT,Dennis Pitta,2009,BLT2009,TE,16,16
4,115,NYG,Phillip Dillard,2009,NYG2009,LB,0,0
4,116,PIT,Thaddeus Gibson,2009,PIT2009,DE,0,
4,117,ATL,Joe Hawley,2009,ATL2009,C,26,14
4,118,HST,Garrett Graham,2009,HST2009,TE,7,7
4,119,MIA,A.J. Edds,2009,MIA2009,LB,0,
4,120,CIN,Geno Atkins,2009,CIN2009,DT,76,76
4,121,PHI,Keenan Clayton,2009,PHI2009,LB,3,2
4,122,PHI,Mike Kafka,2009,PHI2009,QB,0,0
4,123,NO,Al Woods,2009,NO2009,DT,18,
4,124,CAR,Eric Norwood,2009,CAR2009,LB,2,2
4,125,PHI,Clay Harbor,2009,PHI2009,TE,7,2
4,126,DAL,Akwasi Owusu-Ansah,2009,DAL2009,DB,1,0
4,127,SEA,E.J. Wilson,2009,SEA2009,DE,0,0
4,128,DET,Jason Fox,2009,DET2009,T,9,2
4,129,IND,Jacques McClendon,2009,IND2009,G,3,0
4,130,ARZ,O'Brien Schofield,2009,ARZ2009,DE,17,7
4,131,CIN,Roddrick Muckelroy,2009,CIN2009,LB,2,1
5,132,SL,Michael Hoomanawanui,2009,SL2009,TE,5,1
5,133,SEA,Kam Chancellor,2009,SEA2009,DB,45,45
5,134,PHI,Ricky Sapp,2009,PHI2009,DE,1,
5,135,ATL,Dominique Franks,2009,ATL2009,DB,6,5
5,136,KC,Kendrick Lewis,2009,KC2009,DB,28,17
5,137,DEN,Perrish Cox,2009,DEN2009,DB,19,3
5,138,OAK,Walter McFadden,2009,OAK2009,DB,0,0
5,139,NYJ,John Conner,2009,NYJ2009,RB,0,0
5,140,BUF,Ed Wang,2009,BUF2009,T,0,0
5,141,CHI,Joshua Moore,2009,CHI2009,DB,0,0
5,142,KC,Cameron Sheffield,2009,KC2009,DE,1,1
5,143,JAX,Larry Hart,2009,JAX2009,DE,1,1
5,144,HST,Sherrick McManis,2009,HST2009,DB,8,2
5,145,MIA,Nolan Carroll,2009,MIA2009,DB,21,10
5,146,SD,Cam Thomas,2009,SD2009,DT,17,10
5,147,NYG,Mitch Petrus,2009,NYG2009,G,4,4
5,148,TEN,Robert Johnson,2009,TEN2009,DB,2,2
5,149,SL,Hall Davis,2009,SL2009,DE,0,
5,150,NE,Zoltan Mesko,2009,NE2009,P,6,6
5,151,PIT,Chris Scott,2009,PIT2009,G,8,0
5,152,CIN,Otis Hudson,2009,CIN2009,T,0,0
5,153,JAX,Austen Lane,2009,JAX2009,DE,7,7
5,154,GB,Andrew Quarless,2009,GB2009,TE,9,9
5,155,ARZ,John Skelton,2009,ARZ2009,QB,4,4
5,156,BLT,David Reed,2009,BLT2009,WR,2,2
5,157,BLT,Arthur Jones,2009,BLT2009,DE,19,14
5,158,NO,Matt Tennant,2009,NO2009,C,3,2
5,159,PHI,Riley Cooper,2009,PHI2009,WR,18,18
5,160,CLV,Larry Asante,2009,CLV2009,DB,2,
5,161,MIN,Chris DeGeare,2009,MIN2009,G,2,2
5,162,IND,Brody Eldridge,2009,IND2009,TE,0,0
5,163,MIA,Reshad Jones,2009,MIA2009,DB,40,40
5,164,PIT,Crezdon Butler,2009,PIT2009,DB,2,0
5,165,ATL,Kerry Meier,2009,ATL2009,WR,0,0
5,166,PIT,Stevenson Sylvester,2009,PIT2009,LB,5,5
5,167,MIN,Nate Triplett,2009,MIN2009,LB,0,
5,168,SD,Jonathan Crompton,2009,SD2009,QB,,
5,169,GB,Marshall Newhouse,2009,GB2009,G,37,20
6,170,SL,Fendi Onobun,2009,SL2009,TE,0,0
6,171,ATL,Shann Schillinger,2009,ATL2009,DB,2,2
6,172,TB,Brent Bowden,2009,TB2009,P,,
6,173,SF,Anthony Dixon,2009,SF2009,RB,7,3
6,174,WAS,Dennis Morris,2009,WAS2009,RB,,
6,175,CAR,Greg Hardy,2009,CAR2009,DE,32,26
6,176,TEN,Rusty Smith,2009,TEN2009,QB,1,1
6,177,CLV,Carlton Mitchell,2009,CLV2009,WR,0,0
6,178,BUF,Arthur Moats,2009,BUF2009,LB,21,9
6,179,DAL,Sam Young,2009,DAL2009,T,12,0
6,180,JAX,Deji Karim,2009,JAX2009,RB,4,3
6,181,CHI,Dan LeFevour,2009,CHI2009,QB,,
6,182,SF,Nate Byham,2009,SF2009,TE,0,0
6,183,DEN,Eric Olsen,2009,DEN2009,C,3,0
6,184,NYG,Adrian Tracy,2009,NYG2009,DE,1,1
6,185,SEA,Anthony McCoy,2009,SEA2009,TE,4,4
6,186,CLV,Clifton Geathers,2009,CLV2009,DE,4,
6,187,HST,Shelley Smith,2009,HST2009,G,7,
6,188,PIT,Jonathan Dwyer,2009,PIT2009,RB,8,8
6,189,SL,Eugene Sims,2009,SL2009,DE,18,18
6,190,OAK,Travis Goethel,2009,OAK2009,LB,1,1
6,191,CIN,Dezmon Briscoe,2009,CIN2009,WR,4,
6,192,BUF,Danny Batten,2009,BUF2009,DE,2,2
6,193,GB,James Starks,2009,GB2009,RB,27,27
6,194,BLT,Ramon Harewood,2009,BLT2009,T,2,2
6,195,PIT,Antonio Brown,2009,PIT2009,WR,80,80
6,196,DAL,Jamar Wall,2009,DAL2009,DB,0,
6,197,HST,Trindon Holliday,2009,HST2009,WR,4,0
6,198,CAR,David Gettis,2009,CAR2009,WR,3,3
6,199,MIN,Joe Webb,2009,MIN2009,WR,4,4
6,200,PHI,Charles Scott,2009,PHI2009,RB,,
6,201,ARZ,Jorrick Calvin,2009,ARZ2009,DB,1,
6,202,CAR,Jordan Pugh,2009,CAR2009,DB,4,3
6,203,JAX,Scotty McGee,2009,JAX2009,DB,,
6,204,CAR,Tony Pike,2009,CAR2009,QB,0,0
6,205,NE,Ted Larsen,2009,NE2009,C,32,
6,206,SF,Kyle Williams,2009,SF2009,WR,6,6
6,207,TEN,Myron Rolle,2009,TEN2009,DB,,
7,208,NE,Thomas Welch,2009,NE2009,T,2,1
7,209,BUF,Levi Brown,2009,BUF2009,QB,0,0
7,210,TB,Cody Grimm,2009,TB2009,DB,6,6
7,211,SL,Marquis Johnson,2009,SL2009,DB,0,0
7,212,MIA,Chris McCoy,2009,MIA2009,DE,,
7,213,DET,Willie Young,2009,DET2009,DE,22,9
7,214,MIN,Mickey Shuler,2009,MIN2009,TE,0,
7,215,OAK,Jeremy Ware,2009,OAK2009,DB,1,1
7,216,BUF,Kyle Calloway,2009,BUF2009,T,,
7,217,TB,Dekoda Watson,2009,TB2009,LB,11,8
7,218,CHI,J'Marcus Webb,2009,CHI2009,T,27,18
7,219,WAS,Terrence Austin,2009,WAS2009,WR,1,1
7,220,PHI,Jamar Chaney,2009,PHI2009,LB,13,12
7,221,NYG,Matt Dodge,2009,NYG2009,P,2,2
7,222,TEN,Marc Mariani,2009,TEN2009,WR,5,3
7,223,CAR,R.J. Stanford,2009,CAR2009,DB,4,1
7,224,SF,Phillip Adams,2009,SF2009,DB,10,1
7,225,DEN,Syd'Quan Thompson,2009,DEN2009,DB,1,1
7,226,SL,George Selvie,2009,SL2009,DE,17,2
7,227,HST,Dorin Dickerson,2009,HST2009,WR,1,0
7,228,CIN,Reggie Stephens,2009,CIN2009,C,0,
7,229,WAS,Erik Cook,2009,WAS2009,C,1,1
7,230,GB,C.J. Wilson,2009,GB2009,DE,15,9
7,231,WAS,Selvish Capers,2009,WAS2009,T,0,
7,232,DEN,Jammie Kirlew,2009,DEN2009,DE,0,
7,233,ARZ,Jim Dray,2009,ARZ2009,TE,4,2
7,234,DAL,Sean Lissemore,2009,DAL2009,DT,14,4
7,235,SD,Dedrick Epps,2009,SD2009,TE,0,
7,236,SEA,Dexter Davis,2009,SEA2009,LB,1,1
7,237,MIN,Ryan D'Imperio,2009,MIN2009,RB,0,0
7,238,IND,Ricardo Mathews,2009,IND2009,DT,14,5
7,239,NO,Sean Canfield,2009,NO2009,QB,,
7,240,IND,Kavell Conner,2009,IND2009,LB,20,15
7,241,TEN,David Howard,2009,TEN2009,DT,,
7,242,PIT,Doug Worthington,2009,PIT2009,DT,0,
7,243,PHI,Jeff Owens,2009,PHI2009,DT,0,0
7,244,PHI,Kurt Coleman,2009,PHI2009,DB,31,12
7,245,SEA,Jameson Konz,2009,SEA2009,TE,0,0
7,246,IND,Ray Fisher,2009,IND2009,DB,,
7,247,NE,Brandon Deaderick,2009,NE2009,DE,9,8
7,248,NE,Kade Weston,2009,NE2009,DT,,
7,249,CAR,Robert McClain,2009,CAR2009,DB,15,4
7,250,NE,Zac Robinson,2009,NE2009,QB,0,
7,251,OAK,Stevie Brown,2009,OAK2009,DB,10,1
7,252,MIA,Austin Spitler,2009,MIA2009,LB,5,5
7,253,TB,Erik Lorig,2009,TB2009,DE,1,1
7,254,SL,Josh Hull,2009,SL2009,LB,3,2
7,255,DET,Tim Toone,2009,DET2009,WR,0,
1,1,CAR,Cam Newton,2010,CAR2010,QB,95,95
1,2,DEN,Von Miller,2010,DEN2010,LB,81,81
1,3,BUF,Marcell Dareus,2010,BUF2010,DT,49,47
1,4,CIN,A.J. Green,2010,CIN2010,WR,64,64
1,5,ARZ,Patrick Peterson,2010,ARZ2010,DB,77,77
1,6,ATL,Julio Jones,2010,ATL2010,WR,77,77
1,7,SF,Aldon Smith,2010,SF2010,DE,27,25
1,8,TEN,Jake Locker,2010,TEN2010,QB,15,15
1,9,DAL,Tyron Smith,2010,DAL2010,T,65,65
1,10,JAX,Blaine Gabbert,2010,JAX2010,QB,14,7
1,11,HST,J.J. Watt,2010,HST2010,DE,84,84
1,12,MIN,Christian Ponder,2010,MIN2010,QB,22,22
1,13,DET,Nick Fairley,2010,DET2010,DT,24,16
1,14,SL,Robert Quinn,2010,SL2010,DE,46,46
1,15,MIA,Mike Pouncey,2010,MIA2010,G,40,40
1,16,WAS,Ryan Kerrigan,2010,WAS2010,DE,52,52
1,17,NE,Nate Solder,2010,NE2010,T,53,53
1,18,SD,Corey Liuget,2010,SD2010,DT,40,40
1,19,NYG,Prince Amukamara,2010,NYG2010,DB,25,16
1,20,TB,Adrian Clayborn,2010,TB2010,DE,22,13
1,21,CLV,Phil Taylor,2010,CLV2010,DT,20,20
1,22,IND,Anthony Castonzo,2010,IND2010,T,46,46
1,23,PHI,Danny Watkins,2010,PHI2010,G,9,9
1,24,NO,Cameron Jordan,2010,NO2010,DE,58,58
1,25,SEA,James Carpenter,2010,SEA2010,T,37,19
1,26,KC,Jonathan Baldwin,2010,KC2010,WR,4,4
1,27,BLT,Jimmy Smith,2010,BLT2010,DB,27,27
1,28,NO,Mark Ingram,2010,NO2010,RB,46,46
1,29,CHI,Gabe Carimi,2010,CHI2010,T,12,7
1,30,NYJ,Muhammad Wilkerson,2010,NYJ2010,DT,63,63
1,31,PIT,Cameron Heyward,2010,PIT2010,DE,42,42
1,32,GB,Derek Sherrod,2010,GB2010,T,3,3
2,33,NE,Ras-I Dowling,2010,NE2010,DB,1,1
2,34,BUF,Aaron Williams,2010,BUF2010,DB,18,18
2,35,CIN,Andy Dalton,2010,CIN2010,QB,71,71
2,36,SF,Colin Kaepernick,2010,SF2010,QB,45,45
2,37,CLV,Jabaal Sheard,2010,CLV2010,DE,40,27
2,38,ARZ,Ryan Williams,2010,ARZ2010,RB,1,1
2,39,TEN,Akeem Ayers,2010,TEN2010,LB,29,17
2,40,DAL,Bruce Carter,2010,DAL2010,LB,18,15
2,41,WAS,Jarvis Jenkins,2010,WAS2010,DT,22,13
2,42,HST,Brooks Reed,2010,HST2010,LB,33,24
2,43,MIN,Kyle Rudolph,2010,MIN2010,TE,26,26
2,44,DET,Titus Young,2010,DET2010,WR,8,8
2,45,DEN,Rahim Moore,2010,DEN2010,DB,20,18
2,46,DEN,Orlando Franklin,2010,DEN2010,T,40,31
2,47,SL,Lance Kendricks,2010,SL2010,TE,15,13
2,48,OAK,Stefen Wisniewski,2010,OAK2010,C,37,23
2,49,IND,Ben Ijalana,2010,IND2010,T,7,0
2,50,SD,Marcus Gilchrist,2010,SD2010,DB,28,14
2,51,TB,Da'Quan Bowers,2010,TB2010,DE,7,7
2,52,NYG,Marvin Austin,2010,NYG2010,DT,2,1
2,53,CHI,Stephen Paea,2010,CHI2010,DT,22,18
2,54,PHI,Jaiquawn Jarrett,2010,PHI2010,DB,5,1
2,55,KC,Rodney Hudson,2010,KC2010,C,37,15
2,56,NE,Shane Vereen,2010,NE2010,RB,25,16
2,57,DET,Mikel Leshoure,2010,DET2010,RB,5,5
2,58,BLT,Torrey Smith,2010,BLT2010,WR,36,29
2,59,CLV,Greg Little,2010,CLV2010,WR,13,12
2,60,HST,Brandon Harris,2010,HST2010,DB,3,2
2,61,SD,Jonas Mouton,2010,SD2010,LB,0,0
2,62,MIA,Daniel Thomas,2010,MIA2010,RB,11,11
2,63,PIT,Marcus Gilbert,2010,PIT2010,T,36,36
2,64,GB,Randall Cobb,2010,GB2010,WR,52,52
3,65,CAR,Terrell McClain,2010,CAR2010,DT,14,4
3,66,CIN,Dontay Moch,2010,CIN2010,LB,0,0
3,67,DEN,Nate Irving,2010,DEN2010,LB,9,9
3,68,BUF,Kelvin Sheppard,2010,BUF2010,LB,26,8
3,69,ARZ,Rob Housler,2010,ARZ2010,TE,9,9
3,70,KC,Justin Houston,2010,KC2010,LB,54,54
3,71,DAL,DeMarco Murray,2010,DAL2010,RB,62,42
3,72,NO,Martez Wilson,2010,NO2010,LB,3,3
3,73,NE,Stevan Ridley,2010,NE2010,RB,24,23
3,74,NE,Ryan Mallett,2010,NE2010,QB,4,0
3,75,SEA,John Moffitt,2010,SEA2010,G,7,7
3,76,JAX,Will Rackley,2010,JAX2010,G,8,8
3,77,TEN,Jurrell Casey,2010,TEN2010,DT,55,55
3,78,SL,Austin Pettis,2010,SL2010,WR,8,8
3,79,WAS,Leonard Hankerson,2010,WAS2010,WR,11,8
3,80,SF,Chris Culliver,2010,SF2010,DB,13,11
3,81,OAK,DeMarcus Van Dyke,2010,OAK2010,DB,3,2
3,82,SD,Vincent Brown,2010,SD2010,WR,9,8
3,83,NYG,Jerrel Jernigan,2010,NYG2010,WR,2,2
3,84,TB,Mason Foster,2010,TB2010,LB,32,21
3,85,BLT,Jah Reid,2010,BLT2010,T,11,6
3,86,KC,Allen Bailey,2010,KC2010,DE,23,23
3,87,IND,Drake Nevis,2010,IND2010,DT,4,3
3,88,NO,Johnny Patrick,2010,NO2010,DB,4,2
3,89,SD,Shareece Wright,2010,SD2010,DB,16,9
3,90,PHI,Curtis Marsh,2010,PHI2010,DB,1,1
3,91,ATL,Akeem Dent,2010,ATL2010,LB,17,9
3,92,OAK,Joe Barksdale,2010,OAK2010,T,34,1
3,93,CHI,Chris Conte,2010,CHI2010,DB,28,17
3,94,NYJ,Kenrick Ellis,2010,NYJ2010,DT,9,9
3,95,PIT,Curtis Brown,2010,PIT2010,DB,2,2
3,96,GB,Alex Green,2010,GB2010,RB,5,5
3,97,CAR,Sione Fua,2010,CAR2010,DT,5,4
4,98,CAR,Brandon Hogan,2010,CAR2010,DB,0,0
4,99,SEA,K.J. Wright,2010,SEA2010,LB,54,54
4,100,BUF,Da'Norris Searcy,2010,BUF2010,DB,24,12
4,101,CIN,Clint Boling,2010,CIN2010,G,37,37
4,102,CLV,Jordan Cameron,2010,CLV2010,TE,13,11
4,103,ARZ,Sam Acho,2010,ARZ2010,DE,30,19
4,104,TB,Luke Stocker,2010,TB2010,TE,3,3
4,105,WAS,Roy Helu,2010,WAS2010,RB,13,13
4,106,MIN,Christian Ballard,2010,MIN2010,DT,3,3
4,107,SEA,Kris Durham,2010,SEA2010,WR,5,0
4,108,DEN,Quinton Carter,2010,DEN2010,DB,5,5
4,109,TEN,Colin McCarthy,2010,TEN2010,LB,11,11
4,110,DAL,David Arkin,2010,DAL2010,G,0,0
4,111,MIA,Clyde Gates,2010,MIA2010,WR,3,0
4,112,SL,Greg Salas,2010,SL2010,WR,4,1
4,113,OAK,Chimdi Chekwa,2010,OAK2010,DB,2,2
4,114,JAX,Cecil Shorts,2010,JAX2010,WR,19,14
4,115,SF,Kendall Hunter,2010,SF2010,RB,11,11
4,116,PHI,Casey Matthews,2010,PHI2010,LB,10,10
4,117,NYG,James Brewer,2010,NYG2010,T,4,4
4,118,KC,Jalil Brown,2010,KC2010,DB,4,2
4,119,IND,Delone Carter,2010,IND2010,RB,3,3
4,120,PHI,Alex Henery,2010,PHI2010,K,8,9
4,121,JAX,Chris Prosinski,2010,JAX2010,DB,10,6
4,122,BUF,Chris Hairston,2010,BUF2010,T,19,9
4,123,BLT,Tandon Doss,2010,BLT2010,WR,4,4
4,124,CLV,Owen Marecic,2010,CLV2010,RB,0,0
4,125,OAK,Taiwan Jones,2010,OAK2010,RB,3,3
4,126,NYJ,Bilal Powell,2010,NYJ2010,RB,24,24
4,127,HST,Roc Carmichael,2010,HST2010,DB,1,0
4,128,PIT,Cortez Allen,2010,PIT2010,DB,10,10
4,129,DEN,Julius Thomas,2010,DEN2010,TE,21,13
4,130,TEN,Jamie Harper,2010,TEN2010,RB,0,0
4,131,GB,Davon House,2010,GB2010,DB,16,9
5,132,CAR,Kealoha Pilares,2010,CAR2010,WR,1,1
5,133,BUF,Johnny White,2010,BUF2010,RB,0,0
5,134,CIN,Robert Sands,2010,CIN2010,DB,0,0
5,135,KC,Ricky Stanzi,2010,KC2010,QB,0,0
5,136,ARZ,Anthony Sherman,2010,ARZ2010,RB,5,1
5,137,CLV,Buster Skrine,2010,CLV2010,DB,28,14
5,138,NE,Marcus Cannon,2010,NE2010,T,29,29
5,139,MIN,Brandon Burton,2010,MIN2010,DB,1,1
5,140,KC,Gabe Miller,2010,KC2010,LB,0,
5,141,GB,D.J. Williams,2010,GB2010,TE,1,1
5,142,TEN,Karl Klug,2010,TEN2010,DT,13,13
5,143,DAL,Josh Thomas,2010,DAL2010,DB,7,0
5,144,HST,Shiloh Keo,2010,HST2010,DB,9,7
5,145,ATL,Jacquizz Rodgers,2010,ATL2010,RB,22,17
5,146,WAS,DeJon Gomes,2010,WAS2010,DB,5,4
5,147,JAX,Rod Issac,2010,JAX2010,DB,0,0
5,148,OAK,Denarius Moore,2010,OAK2010,WR,15,15
5,149,PHI,Dion Lewis,2010,PHI2010,RB,21,2
5,150,CLV,Jason Pinkston,2010,CLV2010,T,10,10
5,151,TB,Ahmad Black,2010,TB2010,DB,3,3
5,152,HST,T.J. Yates,2010,HST2010,QB,6,6
5,153,NYJ,Jeremy Kerley,2010,NYJ2010,WR,23,19
5,154,SEA,Richard Sherman,2010,SEA2010,DB,77,77
5,155,WAS,Niles Paul,2010,WAS2010,WR,6,6
5,156,SEA,Mark LeGree,2010,SEA2010,DB,,
5,157,DET,Doug Hogue,2010,DET2010,LB,2,1
5,158,SL,Jermale Hines,2010,SL2010,DB,0,
5,159,NE,Lee Smith,2010,NE2010,TE,3,
5,160,CHI,Nathan Enderle,2010,CHI2010,QB,,
5,161,PHI,Julian Vandervelde,2010,PHI2010,G,1,1
5,162,PIT,Chris Carter,2010,PIT2010,LB,6,3
5,163,SF,Daniel Kilgore,2010,SF2010,G,18,18
5,164,BLT,Chykie Brown,2010,BLT2010,DB,5,3
5,165,BLT,Pernell McPhee,2010,BLT2010,DE,19,8
6,166,CAR,Lawrence Wilson,2010,CAR2010,LB,,
6,167,CIN,Ryan Whalen,2010,CIN2010,WR,0,0
6,168,MIN,Demarcus Love,2010,MIN2010,OL,0,0
6,169,BUF,Chris White,2010,BUF2010,LB,4,2
6,170,MIN,Mistral Raymond,2010,MIN2010,DB,4,4
6,171,ARZ,Quan Sturdivant,2010,ARZ2010,LB,0,
6,172,MIN,Brandon Fusco,2010,MIN2010,C,34,26
6,173,SEA,Byron Maxwell,2010,SEA2010,DB,21,11
6,174,MIA,Charles Clay,2010,MIA2010,TE,26,12
6,175,TEN,Byron Stingily,2010,TEN2010,T,4,4
6,176,DAL,Dwayne Harris,2010,DAL2010,WR,12,6
6,177,WAS,Evan Royster,2010,WAS2010,RB,4,4
6,178,WAS,Aldrick Robinson,2010,WAS2010,WR,10,5
6,179,GB,Caleb Schlauderaff,2010,GB2010,G,1,
6,180,BLT,Tyrod Taylor,2010,BLT2010,QB,39,1
6,181,OAK,Richard Gordon,2010,OAK2010,TE,0,0
6,182,SF,Ronald Johnson,2010,SF2010,WR,0,
6,183,SD,Jordan Todman,2010,SD2010,RB,5,0
6,184,ARZ,David Carter,2010,ARZ2010,DT,5,5
6,185,NYG,Greg Jones,2010,NYG2010,LB,3,3
6,186,GB,D.J. Smith,2010,GB2010,LB,6,6
6,187,TB,Allen Bradford,2010,TB2010,RB,1,0
6,188,IND,Chris Rucker,2010,IND2010,DB,2,2
6,189,DEN,Mike Mohamed,2010,DEN2010,LB,4,0
6,190,SF,Colin Jones,2010,SF2010,DB,10,1
6,191,PHI,Jason Kelce,2010,PHI2010,C,48,48
6,192,ATL,Matthew Bosher,2010,ATL2010,K,12,12
6,193,PHI,Brian Rolle,2010,PHI2010,LB,6,6
6,194,NE,Markell Carter,2010,NE2010,LB,,
6,195,CHI,J.T. Thomas,2010,CHI2010,LB,12,1
6,196,PIT,Keith Williams,2010,PIT2010,G,0,
6,197,GB,Ricky Elmore,2010,GB2010,DL,0,
6,198,NYG,Tyler Sash,2010,NYG2010,DB,1,1
6,199,KC,Jerrell Powe,2010,KC2010,DT,3,1
6,200,MIN,Ross Homan,2010,MIN2010,LB,,
6,201,SD,Stephen Schilling,2010,SD2010,G,5,3
6,202,NYG,Jacquian Williams,2010,NYG2010,LB,13,13
6,203,CAR,Zachary Williams,2010,CAR2010,OL,,
7,204,DEN,Virgil Green,2010,DEN2010,TE,6,6
7,205,SEA,Lazarius Levingston,2010,SEA2010,DL,0,0
7,206,BUF,Justin Rogers,2010,BUF2010,DB,4,4
7,207,CIN,Korey Lindsey,2010,CIN2010,DB,0,
7,208,NYJ,Greg McElroy,2010,NYJ2010,QB,1,1
7,209,DET,Johnny Culbreath,2010,DET2010,OL,,
7,210,ATL,Andrew Jackson,2010,ATL2010,OL,0,
7,211,SF,Bruce Miller,2010,SF2010,DE,7,7
7,212,TEN,Zach Clayton,2010,TEN2010,DT,0,0
7,213,WAS,Brandyn Thompson,2010,WAS2010,DB,1,1
7,214,HST,Derek Newton,2010,HST2010,T,27,27
7,215,MIN,D'Aundre Reed,2010,MIN2010,DE,0,0
7,216,SL,Mikail Baker,2010,SL2010,DB,,
7,217,WAS,Maurice Hurt,2010,WAS2010,G,6,6
7,218,GB,Ryan Taylor,2010,GB2010,TE,0,0
7,219,NE,Malcolm Williams,2010,NE2010,DB,0,0
7,220,DAL,Shaun Chapas,2010,DAL2010,RB,0,0
7,221,NYG,Da'Rel Scott,2010,NYG2010,RB,1,1
7,222,TB,Anthony Gaitor,2010,TB2010,DB,1,1
7,223,KC,Shane Bannon,2010,KC2010,RB,,
7,224,WAS,Markus White,2010,WAS2010,DE,0,0
7,225,BLT,Anthony Allen,2010,BLT2010,RB,1,1
7,226,NO,Greg Romeus,2010,NO2010,DL,0,0
7,227,NYJ,Scotty McKnight,2010,NYJ2010,WR,,
7,228,SL,Jabara Williams,2010,SL2010,LB,0,0
7,229,SL,Jonathan Nelson,2010,SL2010,DB,1,
7,230,ATL,Cliff Matthews,2010,ATL2010,DE,3,3
7,231,MIA,Frank Kearse,2010,MIA2010,DT,5,
7,232,PIT,Baron Batch,2010,PIT2010,RB,1,1
7,233,GB,Lawrence Guy,2010,GB2010,DT,21,
7,234,SD,Andrew Gachkar,2010,SD2010,LB,9,8
7,235,MIA,Jimmy Wilson,2010,MIA2010,DB,11,8
7,236,MIN,Stephen Burton,2010,MIN2010,WR,0,0
7,237,PHI,Greg Lloyd,2010,PHI2010,LB,0,
7,238,TB,Daniel Hardy,2010,TB2010,TE,,
7,239,SF,Michael Person,2010,SF2010,G,9,0
7,240,PHI,Stanley Havili,2010,PHI2010,RB,1,0
7,241,OAK,David Ausberry,2010,OAK2010,WR,1,1
7,242,SEA,Malcolm Smith,2010,SEA2010,LB,27,12
7,243,NO,Nate Bussey,2010,NO2010,LB,0,0
7,244,CAR,Lee Ziemba,2010,CAR2010,T,1,1
7,245,BUF,Michael Jasper,2010,BUF2010,DT,,
7,246,CIN,Jay Finley,2010,CIN2010,RB,,
7,247,DEN,Jeremy Beal,2010,DEN2010,DL,0,0
7,248,CLV,Eric Hagg,2010,CLV2010,DB,3,3
7,249,ARZ,DeMarco Sampson,2010,ARZ2010,WR,0,0
7,250,SF,Curtis Holcomb,2010,SF2010,DB,0,
7,251,TEN,Tommie Campbell,2010,TEN2010,DB,4,4
7,252,DAL,Bill Nagy,2010,DAL2010,G,2,2
7,253,WAS,Chris Neild,2010,WAS2010,DT,2,2
7,254,HST,Cheta Ozougwu,2010,HST2010,DE,1,
1,1,IND,Andrew Luck,2011,IND2011,QB,59,59
1,2,WAS,Robert Griffin,2011,WAS2011,QB,35,32
1,3,CLV,Trent Richardson,2011,CLV2011,RB,17,7
1,4,MIN,Matt Kalil,2011,MIN2011,T,40,32
1,5,JAX,Justin Blackmon,2011,JAX2011,WR,9,9
1,6,DAL,Morris Claiborne,2011,DAL2011,DB,20,15
1,7,TB,Mark Barron,2011,TB2011,DB,29,10
1,8,MIA,Ryan Tannehill,2011,MIA2011,QB,50,50
1,9,CAR,Luke Kuechly,2011,CAR2011,LB,73,73
1,10,BUF,Stephon Gilmore,2011,BUF2011,DB,29,25
1,11,KC,Dontari Poe,2011,KC2011,DT,47,41
1,12,PHI,Fletcher Cox,2011,PHI2011,DT,56,56
1,13,ARZ,Michael Floyd,2011,ARZ2011,WR,27,27
1,14,SL,Michael Brockers,2011,SL2011,DT,38,38
1,15,SEA,Bruce Irvin,2011,SEA2011,DE,35,22
1,16,NYJ,Quinton Coples,2011,NYJ2011,DE,19,19
1,17,CIN,Dre Kirkpatrick,2011,CIN2011,DB,23,23
1,18,SD,Melvin Ingram,2011,SD2011,DE,33,33
1,19,CHI,Shea McClellin,2011,CHI2011,DE,17,13
1,20,TEN,Kendall Wright,2011,TEN2011,WR,28,23
1,21,NE,Chandler Jones,2011,NE2011,DE,51,29
1,22,CLV,Brandon Weeden,2011,CLV2011,QB,14,11
1,23,DET,Riley Reiff,2011,DET2011,T,40,32
1,24,PIT,David DeCastro,2011,PIT2011,G,50,50
1,25,NE,Dont'a Hightower,2011,NE2011,LB,41,41
1,26,HST,Whitney Mercilus,2011,HST2011,DE,37,37
1,27,CIN,Kevin Zeitler,2011,CIN2011,G,34,29
1,28,GB,Nick Perry,2011,GB2011,DE,19,19
1,29,MIN,Harrison Smith,2011,MIN2011,DB,41,41
1,30,SF,A.J. Jenkins,2011,SF2011,WR,2,0
1,31,TB,Doug Martin,2011,TB2011,RB,35,35
1,32,NYG,David Wilson,2011,NYG2011,RB,5,5
2,33,SL,Brian Quick,2011,SL2011,WR,11,10
2,34,IND,Coby Fleener,2011,IND2011,TE,25,18
2,35,BLT,Courtney Upshaw,2011,BLT2011,LB,25,21
2,36,DEN,Derek Wolfe,2011,DEN2011,DT,36,36
2,37,CLV,Mitchell Schwartz,2011,CLV2011,T,43,20
2,38,JAX,Andre Branch,2011,JAX2011,LB,19,9
2,39,SL,Janoris Jenkins,2011,SL2011,DB,39,24
2,40,CAR,Amini Silatolu,2011,CAR2011,G,15,15
2,41,BUF,Cordy Glenn,2011,BUF2011,G,34,34
2,42,MIA,Jonathan Martin,2011,MIA2011,T,14,10
2,43,NYJ,Stephen Hill,2011,NYJ2011,WR,4,4
2,44,KC,Jeff Allen,2011,KC2011,T,23,14
2,45,CHI,Alshon Jeffery,2011,CHI2011,WR,42,35
2,46,PHI,Mychal Kendricks,2011,PHI2011,LB,32,32
2,47,SEA,Bobby Wagner,2011,SEA2011,LB,73,73
2,48,NE,Tavon Wilson,2011,NE2011,DB,13,5
2,49,SD,Kendall Reyes,2011,SD2011,DT,22,22
2,50,SL,Isaiah Pead,2011,SL2011,RB,1,1
2,51,GB,Jerel Worthy,2011,GB2011,DT,4,3
2,52,TEN,Zach Brown,2011,TEN2011,LB,33,16
2,53,CIN,Devon Still,2011,CIN2011,DT,3,3
2,54,DET,Ryan Broyles,2011,DET2011,WR,3,3
2,55,ATL,Peter Konz,2011,ATL2011,C,16,16
2,56,PIT,Mike Adams,2011,PIT2011,T,11,11
2,57,DEN,Brock Osweiler,2011,DEN2011,QB,12,7
2,58,TB,Lavonte David,2011,TB2011,LB,52,52
2,59,PHI,Vinny Curry,2011,PHI2011,DE,15,15
2,60,BLT,Kelechi Osemele,2011,BLT2011,T,40,19
2,61,SF,LaMichael James,2011,SF2011,RB,2,2
2,62,GB,Casey Hayward,2011,GB2011,DB,33,9
2,63,NYG,Rueben Randle,2011,NYG2011,WR,21,21
3,64,IND,Dwayne Allen,2011,IND2011,TE,12,11
3,65,SL,Trumaine Johnson,2011,SL2011,DB,27,27
3,66,MIN,Josh Robinson,2011,MIN2011,DB,10,9
3,67,DEN,Ronnie Hillman,2011,DEN2011,RB,17,15
3,68,HST,DeVier Posey,2011,HST2011,WR,2,2
3,69,BUF,T.J. Graham,2011,BUF2011,WR,7,6
3,70,JAX,Bryan Anger,2011,JAX2011,P,13,11
3,71,WAS,Josh LeRibeus,2011,WAS2011,G,10,8
3,72,MIA,Olivier Vernon,2011,MIA2011,LB,41,21
3,73,SD,Brandon Taylor,2011,SD2011,DB,1,1
3,74,KC,Donald Stephenson,2011,KC2011,T,18,12
3,75,SEA,Russell Wilson,2011,SEA2011,QB,88,88
3,76,HST,Brandon Brooks,2011,HST2011,G,30,15
3,77,NYJ,Demario Davis,2011,NYJ2011,LB,40,35
3,78,MIA,Michael Egnew,2011,MIA2011,TE,0,0
3,79,CHI,Brandon Hardin,2011,CHI2011,DB,0,0
3,80,ARZ,Jamell Fleming,2011,ARZ2011,DB,5,2
3,81,DAL,Tyrone Crawford,2011,DAL2011,DE,26,26
3,82,TEN,Mike Martin,2011,TEN2011,DT,6,6
3,83,CIN,Mohamed Sanu,2011,CIN2011,WR,30,17
3,84,BLT,Bernard Pierce,2011,BLT2011,RB,10,10
3,85,DET,Bill Bentley,2011,DET2011,DB,3,3
3,86,PIT,Sean Spence,2011,PIT2011,LB,12,8
3,87,CLV,John Hughes,2011,CLV2011,DT,9,8
3,88,PHI,Nick Foles,2011,PHI2011,QB,24,21
3,89,NO,Akiem Hicks,2011,NO2011,DE,33,14
3,90,NE,Jake Bequette,2011,NE2011,DE,0,0
3,91,ATL,Lamar Holmes,2011,ATL2011,T,10,10
3,92,IND,T.Y. Hilton,2011,IND2011,WR,54,54
3,93,CIN,Brandon Thompson,2011,CIN2011,DT,7,7
3,94,NYG,Jayron Hosley,2011,NYG2011,DB,7,7
3,95,OAK,Tony Bergstrom,2011,OAK2011,T,6,3
4,96,SL,Chris Givens,2011,SL2011,WR,12,11
4,97,MIA,Lamar Miller,2011,MIA2011,RB,35,22
4,98,BLT,Gino Gradkowski,2011,BLT2011,G,10,8
4,99,HST,Ben Jones,2011,HST2011,C,30,17
4,100,CLV,Travis Benjamin,2011,CLV2011,WR,24,13
4,101,DEN,Omar Bolden,2011,DEN2011,DB,5,5
4,102,WAS,Kirk Cousins,2011,WAS2011,QB,41,41
4,103,CAR,Frank Alexander,2011,CAR2011,DE,6,6
4,104,CAR,Joe Adams,2011,CAR2011,WR,0,0
4,105,BUF,Nigel Bradham,2011,BUF2011,LB,33,17
4,106,SEA,Robert Turbin,2011,SEA2011,RB,16,11
4,107,KC,Devon Wylie,2011,KC2011,WR,0,0
4,108,DEN,Philip Blake,2011,DEN2011,OL,0,0
4,109,PIT,Alameda Ta'amu,2011,PIT2011,DT,3,0
4,110,SD,Ladarius Green,2011,SD2011,TE,11,9
4,111,CHI,Evan Rodriguez,2011,CHI2011,TE,0,0
4,112,ARZ,Bobby Massie,2011,ARZ2011,T,32,20
4,113,DAL,Kyle Wilber,2011,DAL2011,LB,12,12
4,114,SEA,Jaye Howard,2011,SEA2011,DT,17,0
4,115,TEN,Coty Sensabaugh,2011,TEN2011,DB,15,12
4,116,CIN,Orson Charles,2011,CIN2011,TE,2,1
4,117,SF,Joe Looney,2011,SF2011,G,8,3
4,118,MIN,Jarius Wright,2011,MIN2011,WR,18,18
4,119,WAS,Keenan Robinson,2011,WAS2011,LB,18,13
4,120,CLV,James-Michael Johnson,2011,CLV2011,LB,11,4
4,121,HST,Keshawn Martin,2011,HST2011,WR,7,4
4,122,NO,Nick Toon,2011,NO2011,WR,3,3
4,123,PHI,Brandon Boykin,2011,PHI2011,DB,9,7
4,124,BUF,Ron Brooks,2011,BUF2011,DB,6,4
4,125,DET,Ronnell Lewis,2011,DET2011,LB,0,0
4,126,HST,Jared Crick,2011,HST2011,DE,27,20
4,127,NYG,Adrien Robinson,2011,NYG2011,TE,0,0
4,128,MIN,Rhett Ellison,2011,MIN2011,RB,6,5
4,129,OAK,Miles Burris,2011,OAK2011,LB,14,14
4,130,BLT,Christian Thompson,2011,BLT2011,DB,0,0
4,131,NYG,Brandon Mosley,2011,NYG2011,T,2,2
4,132,GB,Mike Daniels,2011,GB2011,DT,33,33
4,133,GB,Jerron McMillian,2011,GB2011,DB,2,2
4,134,MIN,Greg Childs,2011,MIN2011,WR,0,0
4,135,DAL,Matt Johnson,2011,DAL2011,DB,0,0
5,136,IND,Josh Chapman,2011,IND2011,NT,8,8
5,137,DEN,Malik Jackson,2011,DEN2011,DT,34,15
5,138,DET,Tahir Whitehead,2011,DET2011,LB,27,27
5,139,MIN,Robert Blanton,2011,MIN2011,DB,9,9
5,140,TB,Najee Goode,2011,TB2011,LB,7,0
5,141,WAS,Adam Gettis,2011,WAS2011,G,2,1
5,142,JAX,Brandon Marshall,2011,JAX2011,LB,27,0
5,143,CAR,Josh Norman,2011,CAR2011,DB,32,23
5,144,BUF,Zebrie Sanders,2011,BUF2011,OL,0,0
5,145,TEN,Taylor Thompson,2011,TEN2011,TE,0,0
5,146,KC,DeQuan Menzie,2011,KC2011,DB,0,0
5,147,BUF,Tank Carder,2011,BUF2011,LB,5,
5,148,DET,Chris Greenwood,2011,DET2011,DB,0,0
5,149,SD,Johnnie Troutman,2011,SD2011,G,14,14
5,150,SL,Rokevious Watkins,2011,SL2011,G,1,0
5,151,ARZ,Senio Kelemete,2011,ARZ2011,G,16,0
5,152,DAL,Danny Coale,2011,DAL2011,WR,0,0
5,153,PHI,Dennis Kelly,2011,PHI2011,T,12,8
5,154,SEA,Korey Toomer,2011,SEA2011,LB,11,
5,155,MIA,Josh Kaddu,2011,MIA2011,LB,0,0
5,156,CIN,Shaun Prater,2011,CIN2011,DB,2,0
5,157,ATL,Bradie Ewing,2011,ATL2011,RB,0,0
5,158,OAK,Jack Crawford,2011,OAK2011,DE,10,1
5,159,PIT,Chris Rainey,2011,PIT2011,RB,1,1
5,160,CLV,Ryan Miller,2011,CLV2011,G,0,0
5,161,HST,Randy Bullock,2011,HST2011,K,8,4
5,162,NO,Corey White,2011,NO2011,DB,12,9
5,163,GB,Terrell Manning,2011,GB2011,LB,0,0
5,164,ATL,Jonathan Massaquoi,2011,ATL2011,DE,6,6
5,165,SF,Darius Fleming,2011,SF2011,LB,1,0
5,166,CIN,Marvin Jones,2011,CIN2011,WR,32,16
5,167,CIN,George Iloka,2011,CIN2011,DB,27,27
5,168,OAK,Juron Criner,2011,OAK2011,WR,1,1
5,169,BLT,Asa Jackson,2011,BLT2011,DB,3,2
5,170,IND,Vick Ballard,2011,IND2011,RB,5,5
6,171,SL,Greg Zuerlein,2011,SL2011,K,18,18
6,172,SEA,Jeremy Lane,2011,SEA2011,DB,11,11
6,173,WAS,Alfred Morris,2011,WAS2011,RB,33,28
6,174,TB,Keith Tandy,2011,TB2011,DB,10,10
6,175,MIN,Blair Walsh,2011,MIN2011,K,14,13
6,176,JAX,Mike Harris,2011,JAX2011,DB,9,8
6,177,ARZ,Justin Bethel,2011,ARZ2011,DB,15,15
6,178,BUF,Mark Asper,2011,BUF2011,G,0,0
6,179,NO,Andrew Tiller,2011,NO2011,G,6,0
6,180,SF,Trent Robinson,2011,SF2011,DB,6,0
6,181,SEA,Winston Guy,2011,SEA2011,DB,3,0
6,182,KC,Cyrus Gray,2011,KC2011,RB,1,1
6,183,MIA,B.J. Cunningham,2011,MIA2011,WR,0,
6,184,CHI,Isaiah Frey,2011,CHI2011,DB,3,3
6,185,ARZ,Ryan Lindley,2011,ARZ2011,QB,-4,-4
6,186,DAL,James Hanna,2011,DAL2011,TE,4,4
6,187,NYJ,Josh Bush,2011,NYJ2011,DB,3,2
6,188,DEN,Danny Trevathan,2011,DEN2011,LB,30,20
6,189,OAK,Christo Bilukidi,2011,OAK2011,DE,1,1
6,190,TEN,Markelle Martin,2011,TEN2011,DB,1,1
6,191,CIN,Dan Herron,2011,CIN2011,RB,5,0
6,192,ATL,Charles Mitchell,2011,ATL2011,DB,1,1
6,193,WAS,Tom Compton,2011,WAS2011,T,10,7
6,194,PHI,Marvin McNutt,2011,PHI2011,WR,0,0
6,195,HST,Nick Mondek,2011,HST2011,OL,0,0
6,196,DET,Jonte Green,2011,DET2011,DB,4,4
6,197,NE,Nate Ebner,2011,NE2011,DB,9,9
6,198,BLT,Tommy Streeter,2011,BLT2011,WR,0,0
6,199,SF,Jason Slowey,2011,SF2011,OL,0,
6,200,PHI,Brandon Washington,2011,PHI2011,G,0,
6,201,NYG,Matt McCants,2011,NYG2011,T,3,0
6,202,NYJ,Terrance Ganaway,2011,NYJ2011,RB,0,
6,203,NYJ,Robert Griffin,2011,NYJ2011,OL,0,
6,204,CLV,Emmanuel Acho,2011,CLV2011,LB,2,0
6,205,CLV,Billy Winn,2011,CLV2011,DT,15,11
6,206,IND,LaVon Brazill,2011,IND2011,WR,3,3
6,207,CAR,Brad Nortman,2011,CAR2011,P,11,7
7,208,IND,Justin Anderson,2011,IND2011,OL,0,0
7,209,SL,Aaron Brown,2011,SL2011,LB,,
7,210,MIN,Audie Cole,2011,MIN2011,LB,6,6
7,211,TEN,Scott Solomon,2011,TEN2011,DE,2,1
7,212,TB,Michael Smith,2011,TB2011,RB,0,0
7,213,WAS,Richard Crawford,2011,WAS2011,DB,1,1
7,214,IND,Tim Fugger,2011,IND2011,DE,0,
7,215,MIA,Kheeston Randall,2011,MIA2011,DT,1,1
7,216,CAR,D.J. Campbell,2011,CAR2011,DB,2,2
7,217,WAS,Jordan Bernstine,2011,WAS2011,DB,0,0
7,218,KC,Jerome Long,2011,KC2011,DT,0,0
7,219,MIN,Trevor Guyton,2011,MIN2011,DE,,
7,220,CHI,Greg McCoy,2011,CHI2011,DB,0,
7,221,ARZ,Nate Potter,2011,ARZ2011,T,3,3
7,222,DAL,Caleb McSurdy,2011,DAL2011,LB,0,0
7,223,DET,Travis Lewis,2011,DET2011,LB,4,4
7,224,NE,Alfonzo Dennard,2011,NE2011,DB,8,8
7,225,SEA,J.R. Sweezy,2011,SEA2011,DT,31,25
7,226,SD,David Molk,2011,SD2011,C,3,1
7,227,MIA,Rishard Matthews,2011,MIA2011,WR,24,9
7,228,JAX,Jeris Pendleton,2011,JAX2011,DT,0,0
7,229,PHI,Bryce Brown,2011,PHI2011,RB,9,6
7,230,OAK,Nathan Stupar,2011,OAK2011,LB,8,
7,231,PIT,Toney Clemons,2011,PIT2011,WR,0,
7,232,SEA,Greg Scruggs,2011,SEA2011,DE,1,1
7,233,TB,Drake Dunsmore,2011,TB2011,TE,0,0
7,234,NO,Marcel Jones,2011,NO2011,OL,0,0
7,235,NE,Jeremy Ebert,2011,NE2011,WR,0,0
7,236,BLT,DeAngelo Tyson,2011,BLT2011,DT,6,6
7,237,SF,Cam Johnson,2011,SF2011,DE,5,0
7,238,KC,Junior Hemingway,2011,KC2011,WR,2,2
7,239,NYG,Markus Kuhn,2011,NYG2011,DT,6,6
7,240,PIT,David Paulson,2011,PIT2011,TE,1,1
7,241,GB,Andrew Datko,2011,GB2011,OL,0,0
7,242,NYJ,Antonio Allen,2011,NYJ2011,DB,10,10
7,243,GB,B.J. Coleman,2011,GB2011,QB,0,0
7,244,NYJ,Jordan White,2011,NYJ2011,WR,0,0
7,245,CLV,Trevin Wade,2011,CLV2011,DB,5,1
7,246,PIT,Terrence Frederick,2011,PIT2011,DB,1,
7,247,CLV,Brad Smelley,2011,CLV2011,TE,0,0
7,248,PIT,Kelvin Beachum,2011,PIT2011,T,30,17
7,249,ATL,Travian Robertson,2011,ATL2011,DT,1,1
7,250,SD,Edwin Baker,2011,SD2011,RB,1,0
7,251,BUF,John Potter,2011,BUF2011,K,0,0
7,252,SL,Daryl Richardson,2011,SL2011,RB,7,7
7,253,IND,Chandler Harnish,2011,IND2011,QB,0,0
1,1,KC,Eric Fisher,2012,KC2012,T,36,36
1,2,JAX,Luke Joeckel,2012,JAX2012,T,22,17
1,3,MIA,Dion Jordan,2012,MIA2012,DE,4,3
1,4,PHI,Lane Johnson,2012,PHI2012,T,34,34
1,5,DET,Ezekiel Ansah,2012,DET2012,DE,36,36
1,6,CLV,Barkevious Mingo,2012,CLV2012,LB,16,10
1,7,ARZ,Jonathan Cooper,2012,ARZ2012,G,13,6
1,8,SL,Tavon Austin,2012,SL2012,WR,22,22
1,9,NYJ,Dee Milliner,2012,NYJ2012,DB,6,6
1,10,TEN,Chance Warmack,2012,TEN2012,G,21,19
1,11,SD,D.J. Fluker,2012,SD2012,T,31,29
1,12,OAK,D.J. Hayden,2012,OAK2012,DB,10,10
1,13,NYJ,Sheldon Richardson,2012,NYJ2012,DT,43,35
1,14,CAR,Star Lotulelei,2012,CAR2012,DT,31,31
1,15,NO,Kenny Vaccaro,2012,NO2012,DB,22,22
1,16,BUF,EJ Manuel,2012,BUF2012,QB,10,10
1,17,PIT,Jarvis Jones,2012,PIT2012,LB,18,18
1,18,SF,Eric Reid,2012,SF2012,DB,26,26
1,19,NYG,Justin Pugh,2012,NYG2012,T,26,26
1,20,CHI,Kyle Long,2012,CHI2012,G,36,36
1,21,CIN,Tyler Eifert,2012,CIN2012,TE,13,13
1,22,ATL,Desmond Trufant,2012,ATL2012,DB,28,28
1,23,MIN,Sharrif Floyd,2012,MIN2012,DT,13,13
1,24,IND,Bjoern Werner,2012,IND2012,DE,10,10
1,25,MIN,Xavier Rhodes,2012,MIN2012,DB,32,32
1,26,GB,Datone Jones,2012,GB2012,DE,10,9
1,27,HST,DeAndre Hopkins,2012,HST2012,WR,40,40
1,28,DEN,Sylvester Williams,2012,DEN2012,DT,27,22
1,29,MIN,Cordarrelle Patterson,2012,MIN2012,WR,21,18
1,30,SL,Alec Ogletree,2012,SL2012,LB,38,38
1,31,DAL,Travis Frederick,2012,DAL2012,C,47,47
1,32,BLT,Matt Elam,2012,BLT2012,DB,12,12
2,33,JAX,Johnathan Cyprien,2012,JAX2012,DB,24,21
2,34,TEN,Justin Hunter,2012,TEN2012,WR,9,7
2,35,PHI,Zach Ertz,2012,PHI2012,TE,28,28
2,36,DET,Darius Slay,2012,DET2012,DB,28,28
2,37,CIN,Giovani Bernard,2012,CIN2012,RB,34,34
2,38,SD,Manti Te'o,2012,SD2012,LB,20,14
2,39,NYJ,Geno Smith,2012,NYJ2012,QB,15,15
2,40,SF,Tank Carradine,2012,SF2012,DE,7,7
2,41,BUF,Robert Woods,2012,BUF2012,WR,26,18
2,42,OAK,Menelik Watson,2012,OAK2012,T,11,9
2,43,TB,Johnthan Banks,2012,TB2012,DB,12,12
2,44,CAR,Kawann Short,2012,CAR2012,DT,33,33
2,45,ARZ,Kevin Minter,2012,ARZ2012,LB,24,21
2,46,BUF,Kiko Alonso,2012,BUF2012,LB,25,9
2,47,DAL,Gavin Escobar,2012,DAL2012,TE,2,2
2,48,PIT,Le'Veon Bell,2012,PIT2012,RB,56,56
2,49,NYG,Johnathan Hankins,2012,NYG2012,DT,28,17
2,50,CHI,Jonathan Bostic,2012,CHI2012,LB,13,7
2,51,WAS,David Amerson,2012,WAS2012,DB,19,7
2,52,NE,Jamie Collins,2012,NE2012,LB,35,29
2,53,CIN,Margus Hunt,2012,CIN2012,DE,7,4
2,54,MIA,Jamar Taylor,2012,MIA2012,DB,13,3
2,55,SF,Vance McDonald,2012,SF2012,TE,8,6
2,56,BLT,Arthur Brown,2012,BLT2012,LB,3,2
2,57,HST,D.J. Swearinger,2012,HST2012,DB,22,9
2,58,DEN,Montee Ball,2012,DEN2012,RB,8,8
2,59,NE,Aaron Dobson,2012,NE2012,WR,6,6
2,60,ATL,Robert Alford,2012,ATL2012,DB,21,21
2,61,GB,Eddie Lacy,2012,GB2012,RB,36,34
2,62,SEA,Christine Michael,2012,SEA2012,RB,9,8
3,63,KC,Travis Kelce,2012,KC2012,TE,35,35
3,64,JAX,Dwayne Gratz,2012,JAX2012,DB,10,10
3,65,DET,Larry Warford,2012,DET2012,G,35,24
3,66,OAK,Sio Moore,2012,OAK2012,LB,15,10
3,67,PHI,Bennie Logan,2012,PHI2012,DT,31,21
3,68,CLV,Leon McFadden,2012,CLV2012,DB,2,1
3,69,ARZ,Tyrann Mathieu,2012,ARZ2012,DB,25,25
3,70,TEN,Blidi Wreh-Wilson,2012,TEN2012,DB,7,6
3,71,SL,T.J. McDonald,2012,SL2012,DB,22,20
3,72,NYJ,Brian Winters,2012,NYJ2012,G,19,19
3,73,TB,Mike Glennon,2012,TB2012,QB,13,11
3,74,DAL,Terrance Williams,2012,DAL2012,WR,28,28
3,75,NO,Terron Armstead,2012,NO2012,T,27,27
3,76,SD,Keenan Allen,2012,SD2012,WR,32,32
3,77,MIA,Dallas Thomas,2012,MIA2012,T,12,12
3,78,BUF,Marquise Goodwin,2012,BUF2012,WR,14,6
3,79,PIT,Markus Wheaton,2012,PIT2012,WR,13,13
3,80,DAL,J.J. Wilcox,2012,DAL2012,DB,16,15
3,81,NYG,Damontre Moore,2012,NYG2012,DE,4,4
3,82,NO,John Jenkins,2012,NO2012,DT,11,10
3,83,NE,Logan Ryan,2012,NE2012,DB,21,17
3,84,CIN,Shawn Williams,2012,CIN2012,DB,15,15
3,85,WAS,Jordan Reed,2012,WAS2012,TE,21,21
3,86,IND,Hugh Thornton,2012,IND2012,G,16,16
3,87,SEA,Jordan Hill,2012,SEA2012,DT,6,6
3,88,SF,Corey Lemonier,2012,SF2012,DE,4,3
3,89,HST,Brennan Williams,2012,HST2012,OL,,
3,90,DEN,Kayvon Webster,2012,DEN2012,DB,8,4
3,91,NE,Duron Harmon,2012,NE2012,DB,10,10
3,92,SL,Stedman Bailey,2012,SL2012,WR,7,7
3,93,MIA,Will Davis,2012,MIA2012,DB,0,0
3,94,BLT,Brandon Williams,2012,BLT2012,DT,28,28
3,95,HST,Sam Montgomery,2012,HST2012,DE,0,
3,96,KC,Knile Davis,2012,KC2012,RB,10,10
3,97,TEN,Zaviar Gooden,2012,TEN2012,LB,3,3
4,98,PHI,Matt Barkley,2012,PHI2012,QB,2,1
4,99,KC,Nico Johnson,2012,KC2012,LB,3,1
4,100,TB,Akeem Spence,2012,TB2012,DT,18,13
4,101,JAX,Ace Sanders,2012,JAX2012,WR,3,3
4,102,NE,Josh Boyce,2012,NE2012,WR,1,1
4,103,ARZ,Alex Okafor,2012,ARZ2012,DE,20,15
4,104,MIA,Jelani Jenkins,2012,MIA2012,LB,16,15
4,105,BUF,Duke Williams,2012,BUF2012,DB,8,8
4,106,MIA,Dion Sims,2012,MIA2012,TE,7,6
4,107,TEN,Brian Schwenke,2012,TEN2012,C,14,14
4,108,CAR,Edmund Kugbila,2012,CAR2012,OL,0,0
4,109,GB,David Bakhtiari,2012,GB2012,T,49,49
4,110,NYG,Ryan Nassib,2012,NYG2012,QB,0,0
4,111,PIT,Shamarko Thomas,2012,PIT2012,DB,5,4
4,112,OAK,Tyler Wilson,2012,OAK2012,QB,,
4,113,SL,Barrett Jones,2012,SL2012,G,1,1
4,114,DAL,B.W. Webb,2012,DAL2012,DB,6,1
4,115,PIT,Landry Jones,2012,PIT2012,QB,4,4
4,116,ARZ,Earl Watford,2012,ARZ2012,G,11,11
4,117,CHI,Khaseem Greene,2012,CHI2012,LB,3,3
4,118,CIN,Sean Porter,2012,CIN2012,LB,0,0
4,119,WAS,Phillip Thomas,2012,WAS2012,DB,2,2
4,120,MIN,Gerald Hodges,2012,MIN2012,LB,15,7
4,121,IND,Khaled Holmes,2012,IND2012,C,4,4
4,122,GB,J.C. Tretter,2012,GB2012,T,12,6
4,123,SEA,Chris Harper,2012,SEA2012,WR,0,
4,124,HST,Trevardo Williams,2012,HST2012,DE,0,
4,125,GB,Johnathan Franklin,2012,GB2012,RB,1,1
4,126,TB,William Gholston,2012,TB2012,DE,20,20
4,127,ATL,Malliciah Goodman,2012,ATL2012,DE,5,5
4,128,SF,Quinton Patton,2012,SF2012,WR,7,7
4,129,BLT,John Simon,2012,BLT2012,DE,13,1
4,130,BLT,Kyle Juszczyk,2012,BLT2012,RB,8,5
4,131,SF,Marcus Lattimore,2012,SF2012,RB,0,0
4,132,DET,Devin Taylor,2012,DET2012,DE,12,12
4,133,ATL,Levine Toilolo,2012,ATL2012,TE,6,6
5,134,KC,Sanders Commings,2012,KC2012,DB,0,0
5,135,JAX,Denard Robinson,2012,JAX2012,WR,8,8
5,136,PHI,Earl Wolff,2012,PHI2012,DB,4,4
5,137,SEA,Jesse Williams,2012,SEA2012,DT,,
5,138,SEA,Tharold Simon,2012,SEA2012,DB,3,2
5,139,IND,Montori Hughes,2012,IND2012,DT,2,2
5,140,ARZ,Stepfan Taylor,2012,ARZ2012,RB,3,3
5,141,NYJ,Oday Aboushi,2012,NYJ2012,T,10,4
5,142,TEN,Lavar Edwards,2012,TEN2012,DE,1,1
5,143,BUF,Jonathan Meeks,2012,BUF2012,DB,2,2
5,144,NO,Kenny Stills,2012,NO2012,WR,27,13
5,145,SD,Steve Williams,2012,SD2012,DB,4,4
5,146,DEN,Quanterus Smith,2012,DEN2012,DE,1,1
5,147,TB,Steven Means,2012,TB2012,DE,3,1
5,148,CAR,A.J. Klein,2012,CAR2012,LB,17,12
5,149,SL,Brandon McGee,2012,SL2012,DB,1,1
5,150,PIT,Terry Hawthorne,2012,PIT2012,DB,,
5,151,DAL,Joseph Randle,2012,DAL2012,RB,7,7
5,152,NYG,Cooper Taylor,2012,NYG2012,DB,2,2
5,153,ATL,Stansly Maponga,2012,ATL2012,DE,2,2
5,154,WAS,Chris Thompson,2012,WAS2012,RB,13,13
5,155,MIN,Jeff Locke,2012,MIN2012,P,6,6
5,156,CIN,Tanner Hawkinson,2012,CIN2012,T,0,0
5,157,SF,Quinton Dial,2012,SF2012,DE,16,13
5,158,SEA,Luke Willson,2012,SEA2012,TE,10,10
5,159,GB,Micah Hyde,2012,GB2012,DB,23,15
5,160,SL,Zac Stacy,2012,SL2012,RB,11,10
5,161,DEN,Tavarres King,2012,DEN2012,WR,2,
5,162,WAS,Brandon Jenkins,2012,WAS2012,DE,0,0
5,163,CHI,Jordan Mills,2012,CHI2012,T,32,14
5,164,MIA,Mike Gillislee,2012,MIA2012,RB,10,0
5,165,DET,Sam Martin,2012,DET2012,P,12,12
5,166,MIA,Caleb Sturgis,2012,MIA2012,K,8,4
5,167,GB,Josh Boyd,2012,GB2012,DE,4,4
5,168,BLT,Ricky Wagner,2012,BLT2012,T,28,21
6,169,JAX,Josh Evans,2012,JAX2012,DB,13,13
6,170,KC,Eric Kush,2012,KC2012,C,3,1
6,171,DET,Corey Fuller,2012,DET2012,WR,3,3
6,172,OAK,Nick Kasa,2012,OAK2012,TE,0,0
6,173,DEN,Vinston Painter,2012,DEN2012,G,0,
6,174,ARZ,Ryan Swope,2012,ARZ2012,WR,,
6,175,CLV,Jamoris Slaughter,2012,CLV2012,DB,,
6,176,HST,David Quessenberry,2012,HST2012,OL,0,0
6,177,BUF,Dustin Hopkins,2012,BUF2012,K,7,
6,178,NYJ,William Campbell,2012,NYJ2012,OL,0,
6,179,SD,Tourek Williams,2012,SD2012,DE,5,5
6,180,SF,Nick Moody,2012,SF2012,LB,2,2
6,181,OAK,Latavius Murray,2012,OAK2012,RB,25,18
6,182,CAR,Kenjon Barner,2012,CAR2012,RB,3,0
6,183,NO,Rufus Johnson,2012,NO2012,DE,0,
6,184,OAK,Mychal Rivera,2012,OAK2012,TE,9,9
6,185,DAL,DeVonte Holloman,2012,DAL2012,LB,1,1
6,186,PIT,Justin Brown,2012,PIT2012,WR,1,1
6,187,ARZ,Andre Ellington,2012,ARZ2012,RB,18,17
6,188,CHI,Cornelius Washington,2012,CHI2012,LB,6,3
6,189,TB,Mike James,2012,TB2012,RB,2,2
6,190,CIN,Rex Burkhead,2012,CIN2012,RB,10,5
6,191,WAS,Bacarri Rambo,2012,WAS2012,DB,8,1
6,192,IND,John Boyett,2012,IND2012,DB,0,
6,193,GB,Nate Palmer,2012,GB2012,LB,9,7
6,194,SEA,Spencer Ware,2012,SEA2012,RB,13,0
6,195,HST,Alan Bonner,2012,HST2012,WR,0,0
6,196,MIN,Jeff Baca,2012,MIN2012,G,0,0
6,197,CIN,Cobi Hamilton,2012,CIN2012,WR,2,0
6,198,HST,Chris Jones,2012,HST2012,DT,14,
6,199,DET,Theo Riddick,2012,DET2012,RB,21,21
6,200,BLT,Kapron Lewis-Moore,2012,BLT2012,DE,0,0
6,201,HST,Ryan Griffin,2012,HST2012,TE,7,7
6,202,TEN,Khalid Wooten,2012,TEN2012,DB,0,0
6,203,BLT,Ryan Jensen,2012,BLT2012,T,12,12
6,204,KC,Braden Wilson,2012,KC2012,FB,,
6,205,OAK,Stacy McGee,2012,OAK2012,DT,15,10
6,206,PIT,Vince Williams,2012,PIT2012,LB,19,19
7,207,KC,Mike Catapano,2012,KC2012,DE,3,1
7,208,JAX,Jeremy Harris,2012,JAX2012,DB,0,0
7,209,OAK,Brice Butler,2012,OAK2012,WR,9,3
7,210,JAX,Demetrius McCray,2012,JAX2012,DB,8,8
7,211,DET,Michael Williams,2012,DET2012,TE,0,0
7,212,PHI,Joe Kruger,2012,PHI2012,DE,0,
7,213,MIN,Michael Mauti,2012,MIN2012,LB,5,2
7,214,MIN,Travis Bond,2012,MIN2012,G,0,
7,215,NYJ,Tommy Bohanon,2012,NYJ2012,RB,1,1
7,216,GB,Charles Johnson,2012,GB2012,WR,7,
7,217,CLV,Armonty Bryant,2012,CLV2012,DE,4,3
7,218,PHI,Jordan Poyer,2012,PHI2012,DB,11,0
7,219,ARZ,D.C. Jefferson,2012,ARZ2012,TE,0,0
7,220,SEA,Ryan Seymour,2012,SEA2012,G,2,
7,221,SD,Brad Sorensen,2012,SD2012,QB,0,0
7,222,BUF,Chris Gragg,2012,BUF2012,TE,1,1
7,223,PIT,Nicholas Williams,2012,PIT2012,DT,2,
7,224,GB,Kevin Dorsey,2012,GB2012,WR,0,0
7,225,NYG,Eric Herman,2012,NYG2012,OL,0,0
7,226,NE,Michael Buchanan,2012,NE2012,DE,0,0
7,227,CLV,Garrett Gilkey,2012,CLV2012,T,2,1
7,228,WAS,Jawan Jamison,2012,WAS2012,RB,,
7,229,MIN,Everett Dawkins,2012,MIN2012,DT,0,
7,230,IND,Kerwynn Williams,2012,IND2012,RB,6,0
7,231,SEA,Ty Powell,2012,SEA2012,DE,1,
7,232,GB,Sam Barrington,2012,GB2012,LB,4,4
7,233,OAK,David Bass,2012,OAK2012,DE,9,
7,234,DEN,Zac Dysert,2012,DEN2012,QB,0,0
7,235,NE,Steve Beauharnais,2012,NE2012,LB,0,0
7,236,CHI,Marquess Wilson,2012,CHI2012,WR,6,6
7,237,SF,B.J. Daniels,2012,SF2012,QB,0,
7,238,BLT,Aaron Mellette,2012,BLT2012,WR,,
7,239,PHI,David King,2012,PHI2012,DE,1,
7,240,CIN,Reid Fragel,2012,CIN2012,OL,0,
7,241,SEA,Jared Smith,2012,SEA2012,DT,,
7,242,SEA,Michael Bowie,2012,SEA2012,T,4,4
7,243,ATL,Kemal Ishmael,2012,ATL2012,DB,11,11
7,244,ATL,Zeke Motta,2012,ATL2012,DB,1,1
7,245,DET,Brandon Hepburn,2012,DET2012,LB,0,
7,246,SF,Carter Bykowski,2012,SF2012,OL,0,0
7,247,BLT,Marc Anthony,2012,BLT2012,DB,,
7,248,TEN,Daimion Stafford,2012,TEN2012,DB,7,7
7,249,ATL,Sean Renfree,2012,ATL2012,QB,0,0
7,250,MIA,Don Jones,2012,MIA2012,DB,2,1
7,251,CIN,T.J. Johnson,2012,CIN2012,C,4,4
7,252,SF,Marcus Cooper,2012,SF2012,DB,13,
7,253,NYG,Michael Cox,2012,NYG2012,RB,0,0
7,254,IND,Justice Cunningham,2012,IND2012,TE,0,0
