#,Name,NameYear,Year,Team,Snaps,Overall,Pass,Run,Penalty,# of Pen,Drop backs,Runs,Att.,Comp,Comp %,TA,HT,BP,SP,Yds,Yds / Att.,TD,In,Sk,DP,NFL Rating
1,Peyton Manning,Peyton Manning2012,2012,DEN,1138,53.7,51.9,0.9,0.9,Mar-00,609,5,583,400,68.6,11,3,6,3,4659,8,37,11,21,40,105.8
2,Aaron Rodgers,Aaron Rodgers2012,2012,GB,1095,44.8,38.5,5.3,1,Apr-00,639,36,552,371,67.2,20,5,5,3,4295,7.8,39,8,51,45,108
3,Tom Brady,Tom Brady2012,2012,NE,1231,44.2,37.9,3.3,3,Mar-00,669,4,638,401,62.9,19,9,8,3,4827,7.6,34,8,27,47,98.5
4,Drew Brees,Drew Brees2012,2012,NO,1121,40.7,39.3,0.1,1.3,Jun-00,699,3,670,422,63,30,7,12,3,5177,7.7,43,19,26,49,96.3
5,Russell Wilson,Russell Wilson2012,2012,SEA,1016,39.4,27.9,11.1,0.4,Jun-00,477,50,393,252,64.1,27,1,7,0,3118,7.9,26,10,33,24,100
5,Matt Ryan,Matt Ryan2012,2012,ATL,1063,39.4,37.4,-0.1,2.1,Jan-00,663,20,615,422,68.6,14,3,6,0,4719,7.7,32,14,28,28,99.1
7,Ben Roethlisberger,Ben Roethlisberger2012,2012,PIT,849,34.8,32.3,1.3,1.2,Mar-00,492,12,449,284,63.3,14,7,13,6,3265,7.3,26,8,30,25,97
8,Eli Manning,Eli Manning2012,2012,NYG,1020,31.7,32.3,-0.6,0,May-00,564,9,536,321,59.9,14,7,10,0,3948,7.4,26,15,19,32,87.2
9,Robert Griffin III,Robert Griffin III2012,2012,WAS,964,30.6,26.3,4.9,-0.6,Jul-00,466,44,392,257,65.6,11,6,6,2,3195,8.2,20,5,30,35,102.4
10,Cam Newton,Cam Newton2012,2012,CAR,1042,17.1,1.9,14.5,0.7,Mar-00,555,34,485,280,57.7,18,13,11,2,3869,8,19,12,36,22,86.2
11,Tony Romo,Tony Romo2012,2012,DAL,1125,16.5,13.9,2.5,0.1,Jul-00,693,9,648,425,65.6,13,1,7,3,4903,7.6,28,19,36,39,90.5
12,Matt Schaub,Matt Schaub2012,2012,HST,1127,15.5,15.1,-1.5,1.9,Mar-00,573,3,544,350,64.3,23,4,10,0,4008,7.4,22,12,27,34,90.7
13,Ryan Tannehill,Ryan Tannehill2012,2012,MIA,1001,11.3,8.4,0.9,2,Jan-00,532,13,484,282,58.3,20,8,13,2,3294,6.8,12,13,35,36,76.1
14,Colin Kaepernick,Colin Kaepernick2012,2012,SF,536,10.8,12.8,-0.2,-1.8,May-00,259,24,218,136,62.4,13,1,0,0,1814,8.3,10,3,16,19,98.3
15,Matthew Stafford,Matthew Stafford2012,2012,DET,1211,9.8,5.4,2.7,1.7,Mar-00,776,20,727,435,59.8,21,2,13,4,4967,6.8,20,17,29,49,79.8
16,Jay Cutler,Jay Cutler2012,2012,CHI,945,8.7,5.4,3.4,-0.1,Apr-00,496,24,434,255,58.8,5,4,12,0,3033,7,19,14,38,34,81.3
17,Andrew Luck,Andrew Luck2012,2012,IND,1189,8.1,-0.1,7.1,1.1,Apr-00,703,35,627,339,54.1,14,14,14,8,4374,7,23,18,41,50,76.5
18,Alex D. Smith,Alex D. Smith2012,2012,SF,501,7,4.9,2,0.1,Apr-00,256,14,218,153,70.2,9,2,4,0,1737,8,13,5,24,12,104.1
19,Carson Palmer,Carson Palmer2012,2012,OAK,977,6.7,6.5,-0.8,1,Apr-00,595,4,565,345,61.1,7,7,12,4,4018,7.1,22,14,26,39,85.3
20,Kirk Cousins,Kirk Cousins2012,2012,WAS,98,4.8,4.5,1.1,-0.8,Jan-00,53,2,48,33,68.8,1,1,0,0,466,9.7,4,3,3,2,101.6
21,Kevin Kolb,Kevin Kolb2012,2012,ARZ,357,4.7,2.1,2.6,0,Feb-00,217,8,183,109,59.6,7,1,4,0,1169,6.4,8,3,27,10,86.1
21,Joe Flacco,Joe Flacco2012,2012,BLT,1032,4.7,4.6,-1.8,1.9,Jan-00,571,5,531,317,59.7,12,12,7,0,3817,7.2,22,10,35,23,87.7
23,Jake Locker,Jake Locker2012,2012,TEN,610,3.2,0.7,4.1,-1.6,Jul-00,370,31,314,177,56.4,8,5,11,0,2182,6.9,10,11,25,25,74
24,Sam Bradford,Sam Bradford2012,2012,SL,1076,3.1,4.4,0.6,-1.9,Oct-00,605,20,551,328,59.5,16,14,10,7,3702,6.7,21,13,36,30,82.6
25,Matt Hasselbeck,Matt Hasselbeck2012,2012,TEN,407,3,3.5,-0.9,0.4,Apr-00,241,6,221,138,62.4,7,0,4,0,1367,6.2,7,5,14,14,81
26,Matt Moore,Matt Moore2012,2012,MIA,56,2.5,3,-0.1,-0.4,Jan-00,22,1,19,11,57.9,1,0,1,0,131,6.9,1,0,2,1,96.6
27,Tyrod Taylor,Tyrod Taylor2012,2012,BLT,96,2,-0.6,2.4,0.2,0-0,37,5,29,17,58.6,2,0,0,0,179,6.2,0,1,3,2,62.3
28,Shaun Hill,Shaun Hill2012,2012,DET,19,1.3,1.4,-0.1,0,0-0,13,0,13,10,76.9,0,0,0,1,172,13.2,2,0,0,1,157.9
29,Matt Flynn,Matt Flynn2012,2012,SEA,38,1.2,1.1,0,0.1,0-0,9,0,9,5,55.6,0,0,0,0,68,7.6,0,0,0,2,79.9
30,Kyle Orton,Kyle Orton2012,2012,DAL,11,0.5,0.5,0,0,0-0,10,0,10,9,90,0,0,0,0,89,8.9,1,0,0,1,137.1
31,Derek Anderson,Derek Anderson2012,2012,CAR,10,0.4,0.4,0,0,0-0,4,0,4,4,100,0,0,0,0,58,14.5,0,0,0,0,118.8
31,Chase Daniel,Chase Daniel2012,2012,NO,13,0.4,0,0.4,0,0-0,1,0,1,1,100,0,0,0,0,10,10,0,0,0,0,108.3
33,Brock Osweiler,Brock Osweiler2012,2012,DEN,33,0.3,0.3,0,0,0-0,4,0,4,2,50,0,0,0,0,12,3,0,0,0,1,56.3
34,Dan Orlovsky,Dan Orlovsky2012,2012,TB,12,0.2,0.2,0,0,0-0,7,0,7,4,57.1,1,0,0,0,51,7.3,0,0,0,0,80.1
34,Tim Tebow,Tim Tebow2012,2012,NYJ,77,0.2,0.7,0.5,-1,Feb-00,11,1,8,6,75,1,0,0,0,39,4.9,0,0,2,1,84.9
36,Joe Webb,Joe Webb2012,2012,MIN,3,0,0,0,0,0-0,0,0,0,0,0,0,0,0,0,0,0,0,0,0,0,0
36,Luke McCown,Luke McCown2012,2012,ATL,10,0,0,0,0,0-0,0,0,0,0,0,0,0,0,0,0,0,0,0,0,0,0
36,Josh Johnson,Josh Johnson2012,2012,CLV,1,0,0,0,0,0-0,1,0,0,0,0,0,0,0,0,0,0,0,0,1,0,0
39,Ryan Mallett,Ryan Mallett2012,2012,NE,24,-0.1,-0.1,0,0,0-0,4,0,4,1,25,0,0,0,0,17,4.3,0,1,0,1,5.2
39,Trent Edwards,Trent Edwards2012,2012,PHI,6,-0.1,-0.1,0,0,0-0,2,0,2,2,100,0,0,0,0,14,7,0,0,0,0,95.8
41,Rusty Smith,Rusty Smith2012,2012,TEN,8,-0.2,-0.2,0,0,0-0,5,0,5,3,60,0,0,0,0,34,6.8,0,0,0,1,80.4
41,Tyler Thigpen,Tyler Thigpen2012,2012,BUF,14,-0.2,-0.2,0,0,0-0,5,0,5,3,60,1,0,0,0,30,6,0,0,0,0,77.1
43,Terrelle Pryor,Terrelle Pryor2012,2012,OAK,72,-0.5,1,-1.7,0.2,Jan-00,36,6,30,14,46.7,2,0,0,0,155,5.2,2,1,0,2,70.8
44,David Carr,David Carr2012,2012,NYG,15,-0.6,-0.6,0,0,0-0,4,0,3,2,66.7,0,0,0,0,19,6.3,0,0,1,0,84
45,Kellen Clemens,Kellen Clemens2012,2012,SL,8,-0.9,-0.1,-0.8,0,0-0,4,1,3,1,33.3,0,0,1,0,39,13,0,1,0,0,42.4
46,Thaddeus Lewis,Thaddeus Lewis2012,2012,CLV,65,-1,-1.1,-0.1,0.2,0-0,36,1,32,22,68.8,0,0,0,0,204,6.4,1,1,3,1,83.3
46,Andy Dalton,Andy Dalton2012,2012,CIN,1052,-1,-5,2.7,1.3,Jun-00,593,19,528,329,62.3,12,2,15,3,3669,6.9,27,16,46,28,87.4
48,Bruce Gradkowski,Bruce Gradkowski2012,2012,CIN,31,-1.1,-1,-0.2,0.1,0-0,11,0,11,5,45.5,1,0,0,0,65,5.9,0,0,0,0,64.6
49,Graham Harrell,Graham Harrell2012,2012,GB,32,-1.8,-0.2,-1.6,0,0-0,4,0,4,2,50,0,0,0,0,20,5,0,0,0,1,64.6
50,Matt Leinart,Matt Leinart2012,2012,OAK,62,-1.9,-2,0,0.1,Jan-00,34,0,33,16,48.5,1,1,1,0,115,3.5,0,1,1,1,44.4
51,T.J. Yates,T.J. Yates2012,2012,HST,23,-2.6,-2.5,-0.1,0,0-0,11,0,10,4,40,0,0,1,0,38,3.8,0,1,1,0,11.7
52,Byron Leftwich,Byron Leftwich2012,2012,PIT,105,-2.9,-4.1,0.9,0.3,0-0,57,1,53,25,47.2,3,1,0,0,272,5.1,0,1,3,2,54.9
53,Colt McCoy,Colt McCoy2012,2012,CLV,41,-3.1,-2.5,-0.2,-0.4,Feb-00,22,1,17,9,52.9,0,1,0,0,79,4.6,1,0,4,0,85.2
54,Greg McElroy,Greg McElroy2012,2012,NYJ,91,-3.4,-3.7,0.1,0.2,0-0,48,6,31,19,61.3,2,0,0,0,214,6.9,1,1,11,1,79.2
55,Josh Freeman,Josh Freeman2012,2012,TB,1065,-3.9,-5.6,0.9,0.8,Jun-00,603,19,558,306,54.8,20,11,17,2,4065,7.3,27,17,26,33,81.6
56,Blaine Gabbert,Blaine Gabbert2012,2012,JAX,525,-4.3,-3.9,-1.1,0.7,Jan-00,309,9,278,162,58.3,4,3,3,0,1662,6,9,6,22,27,77.4
57,Charlie Batch,Charlie Batch2012,2012,PIT,132,-4.4,-4.8,0.5,-0.1,Jan-00,73,0,70,45,64.3,1,1,2,0,475,6.8,1,4,3,2,64.9
58,Philip Rivers,Philip Rivers2012,2012,SD,1062,-4.5,-2.2,0.1,-2.4,Nov-00,587,10,527,338,64.1,42,3,4,2,3606,6.8,26,15,50,22,88.6
59,Brian Hoyer,Brian Hoyer2012,2012,ARZ,83,-4.6,-4.2,0.4,-0.8,Jan-00,58,1,53,30,56.6,1,0,0,0,330,6.2,1,2,4,1,65.8
60,Matt Cassel,Matt Cassel2012,2012,KC,593,-4.9,-3.2,-1.8,0.1,Apr-00,313,16,277,161,58.1,10,6,6,7,1796,6.5,6,12,19,23,66.7
61,Jason Campbell,Jason Campbell2012,2012,CHI,128,-5.7,-5.3,-0.1,-0.3,Jan-00,61,4,51,32,62.7,2,0,0,0,265,5.2,2,2,6,3,72.8
62,Chad Henne,Chad Henne2012,2012,JAX,556,-7.3,-4.8,-3.6,1.1,Jan-00,348,12,308,166,53.9,5,7,10,3,2084,6.8,11,11,28,23,72.2
63,Nick Foles,Nick Foles2012,2012,PHI,468,-9.7,-8.7,-0.6,-0.4,Mar-00,292,7,265,161,60.8,17,4,4,2,1699,6.4,6,5,20,10,79.1
64,Michael Vick,Michael Vick2012,2012,PHI,684,-11.4,-9.9,-3.2,1.7,Feb-00,418,40,351,204,58.1,18,7,8,2,2362,6.7,12,10,28,21,78.1
65,Brady Quinn,Brady Quinn2012,2012,KC,492,-12.8,-14.5,1,0.7,Jan-00,231,13,197,112,56.9,12,2,3,0,1141,5.8,2,8,21,11,60.1
66,Christian Ponder,Christian Ponder2012,2012,MIN,1053,-16.1,-20.4,2.4,1.9,Jan-00,555,40,483,300,62.1,20,5,6,0,2935,6.1,18,12,32,26,81.2
67,Ryan Lindley,Ryan Lindley2012,2012,ARZ,306,-18.2,-18.9,0,0.7,0-0,184,1,171,89,52,3,2,7,0,752,4.4,0,7,12,12,46.7
68,Ryan Fitzpatrick,Ryan Fitzpatrick2012,2012,BUF,1025,-18.6,-23.4,3.2,1.6,Feb-00,566,31,505,306,60.6,8,4,8,2,3400,6.7,24,16,30,37,83.3
69,John Skelton,John Skelton2012,2012,ARZ,328,-20.2,-20,0,-0.2,Mar-00,218,2,201,109,54.2,4,5,4,1,1132,5.6,2,9,15,12,55.4
70,Mark Sanchez,Mark Sanchez2012,2012,NYJ,957,-22.1,-19.3,-4.6,1.8,1-Mar,496,9,453,246,54.3,7,8,14,2,2883,6.4,13,18,34,31,66.9
71,Brandon Weeden,Brandon Weeden2012,2012,CLV,957,-30,-29.3,-2.1,1.4,Feb-00,559,14,517,297,57.4,24,8,21,1,3385,6.5,14,17,28,38,72.6
1,Drew Brees,Drew Brees2011,2011,NO,1134,62.2,59.8,2.3,0.1,May-00,694,13,657,468,71.2,9,7,6,4,5490,8.4,46,14,24,32,110.7
2,Aaron Rodgers,Aaron Rodgers2011,2011,GB,960,57,55,1.1,0.9,Mar-00,581,43,502,343,68.3,17,3,5,2,4643,9.2,45,6,36,40,122.5
3,Tom Brady,Tom Brady2011,2011,NE,1149,34.8,34.7,-1.3,1.4,1-May,656,13,611,401,65.6,11,6,5,1,5235,8.6,39,12,32,35,105.6
4,Matt Ryan,Matt Ryan2011,2011,ATL,1083,32.4,29.4,2.2,0.8,1-Jun,607,15,566,347,61.3,19,4,7,6,4177,7.4,29,12,26,43,92.2
5,Philip Rivers,Philip Rivers2011,2011,SD,1101,25.3,25.3,-0.8,0.8,Mar-00,621,9,582,366,62.9,38,4,6,3,4624,7.9,27,20,30,30,88.7
6,Eli Manning,Eli Manning2011,2011,NYG,1104,24.8,28.9,-1.9,-2.2,Aug-00,627,10,589,359,61,28,5,9,0,4933,8.4,29,16,28,38,92.9
7,Ben Roethlisberger,Ben Roethlisberger2011,2011,PIT,1013,17.3,14.4,1.2,1.7,Feb-00,566,13,513,324,63.2,7,2,11,2,4077,7.9,21,14,40,24,90.1
8,Alex D. Smith,Alex D. Smith2011,2011,SF,1043,16.6,14.5,2.1,0,May-00,517,26,445,273,61.3,22,6,11,0,3144,7.1,17,5,44,32,90.7
9,Matt Schaub,Matt Schaub2011,2011,HST,686,11.7,10.8,-0.9,1.8,0-0,313,5,292,178,61,20,1,10,2,2479,8.5,15,6,16,15,96.8
10,Tony Romo,Tony Romo2011,2011,DAL,992,11.6,12.3,-0.7,0,May-00,566,7,522,346,66.3,10,2,9,4,4203,8.1,31,10,36,27,102.7
11,Michael Vick,Michael Vick2011,2011,PHI,850,10.5,10.1,2.7,-2.3,Jul-00,500,52,423,253,59.8,14,6,14,5,3303,7.8,18,14,24,29,84.9
12,Matt Moore,Matt Moore2011,2011,MIA,790,10.3,12.6,-3.8,1.5,Jan-00,394,12,347,210,60.5,10,2,7,0,2497,7.2,16,9,35,26,87.1
13,Matthew Stafford,Matthew Stafford2011,2011,DET,1120,8.7,9.2,-0.7,0.2,May-00,711,12,663,421,63.5,25,2,11,0,5055,7.6,41,16,36,46,97.3
14,Matt Flynn,Matt Flynn2011,2011,GB,119,4.7,4.7,-0.2,0.2,0-0,55,1,49,33,67.3,0,2,0,0,518,10.6,6,2,5,6,124.8
15,Chad Henne,Chad Henne2011,2011,MIA,225,4.5,3.4,0.6,0.5,0-0,135,11,112,64,57.1,2,5,3,0,868,7.8,4,4,11,7,79
16,Jason Campbell,Jason Campbell2011,2011,OAK,363,4,4.9,-2,1.1,1-Jan,178,8,165,100,60.6,9,3,1,1,1170,7.1,6,4,5,8,84.2
17,Donovan McNabb,Donovan McNabb2011,2011,MIN,356,3.2,1.8,0.4,1,0-0,180,8,156,94,60.3,3,2,6,0,1026,6.6,4,2,16,7,82.9
18,Jay Cutler,Jay Cutler2011,2011,CHI,644,3.1,5.2,-2.2,0.1,Feb-00,345,8,314,182,58,9,6,2,0,2319,7.4,13,7,23,20,85.7
19,Carson Palmer,Carson Palmer2011,2011,OAK,652,2.9,2.4,-0.2,0.7,Feb-00,350,5,328,199,60.7,8,0,6,2,2771,8.4,13,16,17,13,80.7
20,Cam Newton,Cam Newton2011,2011,CAR,1061,2.7,-9.1,11.9,-0.1,May-00,605,48,517,310,60,8,7,5,3,4051,7.8,21,17,36,27,84.5
21,Charlie Batch,Charlie Batch2011,2011,PIT,75,1.5,1.9,0,-0.4,Jan-00,26,0,24,15,62.5,0,0,0,0,208,8.7,0,1,2,1,72.9
22,Josh Johnson,Josh Johnson2011,2011,TB,84,0.8,0.5,1.2,-0.9,1-Jan,44,5,36,19,52.8,3,2,1,0,246,6.8,1,2,3,2,60.6
22,Colin Kaepernick,Colin Kaepernick2011,2011,SF,20,0.8,0.8,0,0,0-0,5,0,5,3,60,0,0,0,0,35,7,0,0,0,1,81.3
24,Matt Hasselbeck,Matt Hasselbeck2011,2011,TEN,946,0.7,-1.6,1.5,0.8,Feb-00,544,7,518,319,61.6,11,2,14,1,3571,6.9,18,14,19,21,82.4
24,Jake Delhomme,Jake Delhomme2011,2011,HST,59,0.7,0.6,0,0.1,0-0,30,0,28,18,64.3,1,0,0,1,211,7.5,1,0,2,3,99
26,Brian Hoyer,Brian Hoyer2011,2011,NE,12,0.5,0.5,0,0,0-0,1,0,1,1,100,0,0,0,0,22,22,0,0,0,0,118.8
26,Jon Kitna,Jon Kitna2011,2011,DAL,25,0.5,0.5,0,0,0-0,10,0,10,6,60,0,0,0,0,87,8.7,1,2,0,1,82.1
28,Shaun Hill,Shaun Hill2011,2011,DET,23,0.4,0.4,0,0,0-0,3,0,3,2,66.7,0,0,0,0,33,11,0,0,0,0,103.5
29,Tyrod Taylor,Tyrod Taylor2011,2011,BLT,4,0.3,-0.1,0.4,0,0-0,3,0,1,1,100,0,0,0,0,18,18,0,0,2,0,118.8
30,Derek Anderson,Derek Anderson2011,2011,CAR,11,0,0,0,0,0-0,0,0,0,0,0,0,0,0,0,0,0,0,0,0,0,0
30,Rudy Carpenter,Rudy Carpenter2011,2011,TB,1,0,0,0,0,0-0,0,0,0,0,0,0,0,0,0,0,0,0,0,0,0,0
30,Kyle Orton,Kyle Orton2011,2011,KC,213,0,2,-0.1,-1.9,Mar-00,99,1,97,59,60.8,6,1,1,0,779,8,1,2,1,3,81.1
30,Seneca Wallace,Seneca Wallace2011,2011,CLV,191,0,-2.2,1.7,0.5,0-0,118,5,107,55,51.4,6,0,2,2,567,5.3,2,2,6,7,65.4
30,Matt Leinart,Matt Leinart2011,2011,HST,36,0,-0.1,0,0.1,0-0,13,0,13,10,76.9,1,0,0,0,57,4.4,1,0,0,1,110.1
30,Billy Volek,Billy Volek2011,2011,SD,11,0,0,0,0,0-0,0,0,0,0,0,0,0,0,0,0,0,0,0,0,0,0
36,Armanti Edwards,Armanti Edwards2011,2011,CAR,2,-0.1,0,-0.1,0,0-0,0,0,0,0,0,0,0,0,0,0,0,0,0,0,0,0
37,Tarvaris Jackson,Tarvaris Jackson2011,2011,SEA,979,-0.3,2.3,-3.5,0.9,Mar-00,512,21,450,271,60.2,21,4,6,2,3091,6.9,14,13,42,30,79.2
38,Mike Kafka,Mike Kafka2011,2011,PHI,33,-0.5,-0.4,-0.1,0,0-0,18,1,16,11,68.8,0,0,0,0,107,6.7,0,2,1,1,47.7
39,Mark Brunell,Mark Brunell2011,2011,NYJ,23,-0.6,-0.6,0,0,0-0,3,0,3,1,33.3,0,0,0,0,27,9,0,0,0,0,67.4
39,Tom Brandstater,Tom Brandstater2011,2011,SL,2,-0.6,-0.6,0,0,0-0,2,0,2,0,0,0,0,0,0,0,0,0,0,0,0,39.6
41,J.P. Losman,J.P. Losman2011,2011,MIA,29,-0.9,0.8,-1.8,0.1,0-0,16,1,10,6,60,0,0,1,0,60,6,0,0,5,0,77.1
42,Tyler Thigpen,Tyler Thigpen2011,2011,BUF,21,-1,-0.9,-0.1,0,0-0,9,1,8,3,37.5,0,0,1,0,25,3.1,0,1,0,0,6.8
43,Terrelle Pryor,Terrelle Pryor2011,2011,OAK,1,-1.1,0,-0.1,-1,Jan-00,0,0,0,0,0,0,0,0,0,0,0,0,0,0,0,0
43,Chase Daniel,Chase Daniel2011,2011,NO,43,-1.1,-0.1,0,-1,Jan-00,4,0,4,3,75,0,0,0,0,20,5,0,0,0,0,85.4
45,Matt Cassel,Matt Cassel2011,2011,KC,594,-1.3,-2.6,0.9,0.4,Feb-00,309,18,269,160,59.5,11,2,5,1,1713,6.4,10,9,22,21,76.6
46,Jake Locker,Jake Locker2011,2011,TEN,99,-1.6,-3.9,2.1,0.2,0-0,76,4,66,34,51.5,1,1,2,1,542,8.2,4,0,5,4,99.4
46,Chris Redman,Chris Redman2011,2011,ATL,64,-1.6,-1.7,0,0.1,0-0,28,0,28,18,64.3,0,0,1,0,188,6.7,0,1,0,2,68.8
48,Kyle Orton,Kyle Orton2011,2011,DEN,292,-2,-3,0.2,0.8,0-0,166,2,155,91,58.7,7,1,6,1,979,6.3,8,7,9,9,75.7
49,T.J. Yates,T.J. Yates2011,2011,HST,319,-2.2,-1.1,-0.8,-0.3,Jan-00,156,7,134,82,61.2,7,1,3,3,955,7.1,3,3,15,8,80.9
50,Dan Orlovsky,Dan Orlovsky2011,2011,IND,374,-2.4,-2.5,0.3,-0.2,Jan-00,209,2,193,122,63.2,6,2,4,3,1201,6.2,6,4,14,7,82.4
51,Kellen Clemens,Kellen Clemens2011,2011,SL,195,-2.6,-2.8,-0.4,0.6,Jan-00,105,5,91,48,52.7,1,0,2,0,546,6,2,1,9,7,73.8
52,Stephen McGee,Stephen McGee2011,2011,DAL,65,-2.9,-3,0.4,-0.3,Jan-00,45,4,38,24,63.2,0,0,0,0,182,4.8,1,0,3,1,83.4
52,Bruce Gradkowski,Bruce Gradkowski2011,2011,CIN,45,-2.9,-2.9,-0.1,0.1,0-0,19,0,18,8,44.4,0,0,0,0,109,6.1,1,1,1,0,59.7
54,Sam Bradford,Sam Bradford2011,2011,SL,691,-3.4,-0.7,-3.5,0.8,Mar-00,399,5,358,191,53.4,12,12,10,0,2164,6,6,6,36,31,70.3
55,Richard Bartel,Richard Bartel2011,2011,ARZ,29,-3.6,-3.6,-0.1,0.1,0-0,24,1,22,10,45.5,0,1,0,0,86,3.9,1,1,1,3,52.5
56,Josh McCown,Josh McCown2011,2011,CHI,141,-3.9,-4.2,1,-0.7,Feb-00,71,9,55,35,63.6,1,0,0,0,414,7.5,2,4,7,2,68.3
57,Charlie Whitehurst,Charlie Whitehurst2011,2011,SEA,104,-4.7,-4.6,0.2,-0.3,Jan-00,67,3,56,27,48.2,4,0,1,0,302,5.4,1,1,8,7,63.2
58,John Beck,John Beck2011,2011,WAS,217,-5.3,-6.1,1.2,-0.4,Jan-00,156,10,132,80,60.6,2,1,3,1,858,6.5,2,4,16,8,72.1
59,Ryan Fitzpatrick,Ryan Fitzpatrick2011,2011,BUF,1029,-5.6,-1.5,-5,0.9,Feb-00,618,27,569,353,62,5,6,10,4,3834,6.7,24,23,22,27,79.1
59,Kyle Boller,Kyle Boller2011,2011,OAK,81,-5.6,-5.6,-0.2,0.2,0-0,36,5,28,15,53.6,1,0,0,0,161,5.8,0,3,3,2,31.1
61,Caleb Hanie,Caleb Hanie2011,2011,CHI,260,-5.8,-6.6,1.7,-0.9,Feb-00,133,12,102,51,50,8,2,2,3,615,6,3,9,19,7,41.9
62,Kevin Kolb,Kevin Kolb2011,2011,ARZ,519,-6.8,-4.7,0.7,-2.8,May-00,291,8,253,146,57.7,14,0,12,1,1955,7.7,9,8,30,19,81.1
63,A.J. Feeley,A.J. Feeley2011,2011,SL,203,-7.1,-7.4,0.4,-0.1,Feb-00,109,1,98,54,55.1,0,1,5,0,551,5.6,1,2,10,11,66.3
63,Vince Young,Vince Young2011,2011,PHI,218,-7.1,-8.1,0.5,0.5,Feb-00,136,13,114,66,57.9,2,0,1,0,866,7.6,4,9,8,8,60.8
65,Andy Dalton,Andy Dalton2011,2011,CIN,1056,-7.3,-9.7,0.7,1.7,Jan-00,564,23,516,300,58.1,27,3,15,0,3398,6.6,20,13,24,30,80.4
66,Joe Webb,Joe Webb2011,2011,MIN,147,-7.5,-9.4,2.6,-0.7,Jan-00,75,10,62,33,53.2,3,1,0,0,368,5.9,3,2,3,5,73.9
67,Luke McCown,Luke McCown2011,2011,JAX,131,-8.4,-7.4,-1.3,0.3,0-0,63,3,56,30,53.6,3,1,2,0,296,5.3,0,4,4,2,39
68,Kerry Collins,Kerry Collins2011,2011,IND,168,-8.8,-7.1,-1.6,-0.1,Feb-00,103,0,98,48,49,4,3,1,2,481,4.9,2,1,5,5,65.9
69,Joe Flacco,Joe Flacco2011,2011,BLT,1108,-11.1,-8.7,-1,-1.4,Jun-00,582,9,542,312,57.6,20,7,7,0,3610,6.7,20,12,31,30,80.9
70,Rex Grossman,Rex Grossman2011,2011,WAS,886,-12.4,-6.5,-0.3,-5.6,13-0,487,4,458,265,57.9,20,5,14,2,3151,6.9,16,20,25,19,72.4
71,Christian Ponder,Christian Ponder2011,2011,MIN,585,-14.3,-18,2.2,1.5,1-Mar,342,21,291,158,54.3,12,6,9,0,1853,6.4,13,13,30,17,70.1
72,Tyler Palko,Tyler Palko2011,2011,KC,280,-14.6,-14.1,-0.7,0.2,Feb-00,147,2,135,80,59.3,4,0,2,2,802,5.9,2,7,11,7,59.6
73,Colt McCoy,Colt McCoy2011,2011,CLV,896,-16.9,-13.4,-3.8,0.3,Mar-00,535,39,463,265,57.2,12,3,13,1,2733,5.9,14,11,33,36,74.6
74,Josh Freeman,Josh Freeman2011,2011,TB,966,-18.6,-16.7,-0.2,-1.7,Jun-00,607,27,551,346,62.8,15,3,8,6,3607,6.5,16,22,29,36,74.7
75,Tim Tebow,Tim Tebow2011,2011,DEN,795,-19.3,-22.1,3.8,-1,Jul-00,346,37,271,126,46.5,19,2,1,3,1729,6.4,12,6,33,21,72.9
76,Curtis Painter,Curtis Painter2011,2011,IND,465,-22.7,-19.6,-0.1,-3,1-May,268,9,243,132,54.3,8,6,5,0,1541,6.3,6,9,16,12,66.6
77,John Skelton,John Skelton2011,2011,ARZ,506,-26.3,-25.5,0.4,-1.2,Apr-00,316,17,275,151,54.9,7,3,2,1,1913,7,11,14,23,13,68.9
78,Mark Sanchez,Mark Sanchez2011,2011,NYJ,1103,-27.4,-23.7,-3.3,-0.4,May-00,600,18,543,308,56.7,12,7,15,3,3474,6.4,26,18,39,30,78.2
79,Blaine Gabbert,Blaine Gabbert2011,2011,JAX,927,-49.2,-42.5,-8.5,1.8,Mar-00,475,22,413,210,50.8,18,2,11,1,2207,5.3,12,11,40,27,65.3
1,Matt Ryan,Matt Ryan2010,2010,ATL,1153,30.1,28.7,-1.5,2.9,Feb-00,616,22,571,357,62.5,20,9,5,1,3705,6.5,28,9,23,27,91
2,Philip Rivers,Philip Rivers2010,2010,SD,1080,29.7,33.4,-0.8,-2.9,13-0,591,12,541,357,66,23,8,7,1,4710,8.7,30,13,38,22,101.8
3,Peyton Manning,Peyton Manning2010,2010,IND,1156,29.3,27.9,0.2,1.2,Apr-00,697,1,680,450,66.2,5,4,6,0,4700,6.9,33,17,16,46,91.8
4,Aaron Rodgers,Aaron Rodgers2010,2010,GB,919,25.2,24,1.4,-0.2,Apr-00,549,43,475,312,65.7,16,2,6,2,3935,8.3,28,11,31,28,101.3
5,Drew Brees,Drew Brees2010,2010,NO,1112,24.7,23.6,-0.4,1.5,Mar-00,685,2,658,448,68.1,22,2,10,3,4620,7,33,22,25,34,90.9
6,Ben Roethlisberger,Ben Roethlisberger2010,2010,PIT,811,19.8,18.2,0.1,1.5,Feb-00,435,14,389,240,61.7,11,2,7,8,3200,8.2,17,5,32,22,97
7,Matt Schaub,Matt Schaub2010,2010,HST,1080,18.4,17.3,-0.4,1.5,Jan-00,611,5,574,365,63.6,25,12,10,4,4371,7.6,24,12,32,29,92
8,Tony Romo,Tony Romo2010,2010,DAL,372,16.3,14.4,1.5,0.4,1-Mar,223,3,213,148,69.5,4,3,3,0,1611,7.6,11,7,7,9,95
9,Tom Brady,Tom Brady2010,2010,NE,987,15.8,16.7,-2,1.1,Feb-00,522,5,492,324,65.9,10,5,6,0,3900,7.9,36,4,25,43,111
10,Eli Manning,Eli Manning2010,2010,NYG,1083,13.8,14.2,-1.1,0.7,Apr-00,565,10,539,339,62.9,14,5,6,1,4002,7.4,31,25,16,42,85.3
11,Michael Vick,Michael Vick2010,2010,PHI,735,11.3,-1.1,13,-0.6,1-Apr,467,59,372,233,62.6,12,9,10,3,3018,8.1,21,6,34,25,100.2
12,Josh Freeman,Josh Freeman2010,2010,TB,982,9.6,2.2,7.2,0.2,1-Jun,544,40,474,291,61.4,22,10,6,0,3448,7.3,25,6,28,23,95.9
13,Shaun Hill,Shaun Hill2010,2010,DET,712,9.3,6.2,2.7,0.4,Mar-00,448,15,416,257,61.8,16,5,7,3,2686,6.5,16,12,17,36,81.3
14,David Garrard,David Garrard2010,2010,JAX,877,7.4,4.4,2.3,0.7,Feb-00,421,23,366,236,64.5,15,5,6,1,2734,7.5,23,15,32,17,90.8
14,Joe Flacco,Joe Flacco2010,2010,BLT,1091,7.4,6.6,-0.6,1.4,Apr-00,541,12,489,306,62.6,25,5,8,0,3693,7.6,25,10,40,19,94.2
16,Carson Palmer,Carson Palmer2010,2010,CIN,1121,4.4,6.9,-2.5,0,Apr-00,620,9,585,361,61.7,18,5,11,2,3960,6.8,26,20,26,31,82.3
17,Tim Tebow,Tim Tebow2010,2010,DEN,213,3.6,0.5,2.6,0.5,0-0,99,10,82,41,50,5,2,0,1,660,8,5,3,6,6,82.4
18,Matthew Stafford,Matthew Stafford2010,2010,DET,179,3,2.9,-0.4,0.5,0-0,102,2,96,57,59.4,3,0,2,0,535,5.6,6,1,4,4,91.3
19,Brad Smith,Brad Smith2010,2010,NYJ,52,1.8,0,1.7,0.1,0-0,1,0,1,1,100,0,0,0,0,3,3,0,0,0,0,79.2
20,Tyler Thigpen,Tyler Thigpen2010,2010,MIA,110,1.7,0,1.5,0.2,0-0,76,6,62,33,53.2,0,0,1,0,435,7,2,2,8,7,73
21,Mark Brunell,Mark Brunell2010,2010,NYJ,44,1.5,1.4,0,0.1,0-0,14,0,13,7,53.8,1,1,0,0,117,9,2,1,1,0,92
22,Josh Johnson,Josh Johnson2010,2010,TB,36,1,0.1,0.9,0,0-0,20,2,16,14,87.5,0,0,0,0,111,6.9,0,0,2,2,95.6
23,Kellen Clemens,Kellen Clemens2010,2010,NYJ,17,0.8,0.4,0.4,0,0-0,3,1,2,1,50,1,0,0,0,6,3,0,0,0,0,56.3
24,Caleb Hanie,Caleb Hanie2010,2010,CHI,31,0.7,0.6,0,0.1,0-0,9,0,7,5,71.4,1,0,0,0,55,7.9,0,0,2,0,94.3
24,Colt McCoy,Colt McCoy2010,2010,CLV,461,0.7,-1.8,1.9,0.6,Feb-00,261,16,222,135,60.8,11,0,3,1,1578,7.1,6,9,23,18,74.5
26,Jason Campbell,Jason Campbell2010,2010,OAK,814,0.5,-2.1,2,0.6,1-Apr,388,26,329,194,59,11,3,11,3,2389,7.3,13,8,33,23,84.5
26,Troy Smith,Troy Smith2010,2010,SF,358,0.5,1.5,-1.3,0.3,Feb-00,178,15,145,73,50.3,3,3,4,0,1176,8.1,5,4,18,15,77.8
28,Armanti Edwards,Armanti Edwards2010,2010,CAR,1,0,0,0,0,0-0,1,0,1,1,100,0,0,0,0,0,0,0,0,0,0,79.2
28,Billy Volek,Billy Volek2010,2010,SD,24,0,0,0,0,0-0,1,0,1,1,100,0,0,0,0,8,8,0,0,0,0,100
28,Sage Rosenfels,Sage Rosenfels2010,2010,NYG,20,0,0,0,0,0-0,0,0,0,0,0,0,0,0,0,0,0,0,0,0,0,0
28,Dan Orlovsky,Dan Orlovsky2010,2010,HST,1,0,0,0,0,0-0,0,0,0,0,0,0,0,0,0,0,0,0,0,0,0,0
32,Eldra Buckley,Eldra Buckley2010,2010,PHI,1,-0.1,0,-0.1,0,0-0,0,0,0,0,0,0,0,0,0,0,0,0,0,0,0,0
32,Chad Pennington,Chad Pennington2010,2010,MIA,2,-0.1,-0.1,0,0,0-0,2,0,2,1,50,0,1,0,0,19,9.5,0,0,0,0,83.3
34,Jordan Palmer,Jordan Palmer2010,2010,CIN,5,-0.2,-0.2,0,0,0-0,5,0,3,3,100,0,0,0,0,18,6,0,0,2,0,91.7
34,Brian Hoyer,Brian Hoyer2010,2010,NE,64,-0.2,-0.2,-0.1,0.1,Jan-00,16,1,15,7,46.7,0,0,0,0,122,8.1,1,1,0,3,69.3
36,Chris Redman,Chris Redman2010,2010,ATL,18,-0.3,-0.3,0,0,0-0,6,0,6,4,66.7,0,0,0,0,20,3.3,0,0,0,1,71.5
36,Chase Daniel,Chase Daniel2010,2010,NO,14,-0.3,-0.2,-0.1,0,0-0,5,0,3,2,66.7,0,0,0,0,16,5.3,0,0,1,0,79.9
38,Byron Leftwich,Byron Leftwich2010,2010,PIT,18,-0.4,-0.4,0,0,0-0,9,0,7,5,71.4,0,0,0,0,42,6,0,0,2,1,86.6
39,Tyler Palko,Tyler Palko2010,2010,KC,18,-0.5,-0.4,-0.1,0,0-0,9,1,6,4,66.7,0,0,0,0,35,5.8,0,0,2,2,81.9
40,J. Levi Brown,J. Levi Brown2010,2010,BUF,5,-0.6,-0.6,0,0,0-0,3,0,3,2,66.7,0,0,0,0,24,8,0,1,0,0,51.4
41,Brian Brohm,Brian Brohm2010,2010,BUF,44,-1.1,-1.2,0,0.1,0-0,26,0,23,10,43.5,0,0,1,0,106,4.6,0,3,3,1,17.9
41,Tony Pike,Tony Pike2010,2010,CAR,22,-1.1,-1.1,-0.1,0.1,0-0,13,0,12,6,50,2,0,0,0,47,3.9,0,0,1,1,60.1
43,Matt Cassel,Matt Cassel2010,2010,KC,1069,-1.6,-2.5,0.7,0.2,Jun-00,496,20,450,262,58.2,24,5,13,5,3116,6.9,27,7,26,26,93
44,Trent Edwards,Trent Edwards2010,2010,BUF,109,-1.9,0.1,-0.7,-1.3,Feb-00,64,5,52,29,55.8,4,1,3,0,241,4.6,1,2,7,6,58.3
44,Rex Grossman,Rex Grossman2010,2010,WAS,216,-1.9,-0.6,0.1,-1.4,Mar-00,144,2,133,74,55.6,12,2,6,1,884,6.6,7,4,9,7,81.2
46,Brodie Croyle,Brodie Croyle2010,2010,KC,38,-2,-2.1,0,0.1,0-0,23,0,19,8,42.1,0,0,1,0,38,2,0,1,4,1,27.7
46,Kyle Boller,Kyle Boller2010,2010,OAK,26,-2,-1.3,-0.7,0,0-0,7,2,4,2,50,0,0,0,0,25,6.3,0,1,1,0,30.2
48,Vince Young,Vince Young2010,2010,TEN,389,-2.2,-2.2,0.1,-0.1,Feb-00,182,13,156,93,59.6,4,2,3,0,1255,8,10,3,13,9,98.6
49,Brian St. Pierre,Brian St. Pierre2010,2010,CAR,56,-2.3,-2.4,0,0.1,0-0,31,1,28,13,46.4,3,0,1,0,173,6.2,1,2,3,5,48.7
50,Luke McCown,Luke McCown2010,2010,JAX,27,-2.4,-2.4,-0.1,0.1,0-0,20,1,19,11,57.9,0,0,1,0,120,6.3,0,0,0,1,76.6
51,Jay Cutler,Jay Cutler2010,2010,CHI,913,-2.7,-3.8,2.9,-1.8,May-00,513,30,432,261,60.4,16,4,13,0,3294,7.6,23,16,51,21,86.5
51,Chad Henne,Chad Henne2010,2010,MIA,942,-2.7,-3.6,-0.9,1.8,Feb-00,540,19,491,302,61.5,26,4,16,2,3298,6.7,15,18,30,27,76.2
53,Richard Bartel,Richard Bartel2010,2010,ARZ,38,-2.8,-2.9,0,0.1,0-0,30,0,28,16,57.1,1,0,1,0,150,5.4,0,1,2,2,57.1
53,Todd Bouman,Todd Bouman2010,2010,JAX,62,-2.8,-2.6,-0.3,0.1,0-0,36,1,34,18,52.9,3,0,0,0,222,6.5,2,2,1,2,68.5
55,David Carr,David Carr2010,2010,SF,28,-3,-3.1,0,0.1,0-0,14,0,13,5,38.5,0,1,0,1,67,5.2,0,1,1,1,23.6
56,Seneca Wallace,Seneca Wallace2010,2010,CLV,223,-3.1,-2.5,-0.7,0.1,Jan-00,109,2,100,63,63,7,1,1,0,694,6.9,4,2,6,4,88.5
57,Tarvaris Jackson,Tarvaris Jackson2010,2010,MIN,134,-3.8,-4.6,0.5,0.3,0-0,68,4,58,34,58.6,6,0,0,0,341,5.9,3,4,6,1,63.9
58,Kerry Collins,Kerry Collins2010,2010,TEN,523,-4.1,-2.6,-2.3,0.8,Feb-00,292,1,278,160,57.6,14,3,7,2,1823,6.6,14,8,13,20,82.2
59,Charlie Batch,Charlie Batch2010,2010,PIT,150,-4.2,-2.5,-1.5,-0.2,Jan-00,55,2,49,29,59.2,0,1,1,1,352,7.2,3,3,4,3,76.2
60,Dennis Dixon,Dennis Dixon2010,2010,PIT,79,-4.4,-3.3,-1.2,0.1,0-0,40,3,32,22,68.8,0,1,1,0,254,7.9,0,1,5,0,79.4
61,Trent Edwards,Trent Edwards2010,2010,JAX,115,-4.6,-4.6,-0.3,0.3,0-0,58,5,49,26,53.1,3,2,0,0,280,5.7,1,3,4,3,51.4
62,Matt Flynn,Matt Flynn2010,2010,GB,146,-5.3,-5.5,-0.1,0.3,0-0,77,5,65,40,61.5,4,0,0,0,433,6.7,3,2,7,5,83.7
63,Stephen McGee,Stephen McGee2010,2010,DAL,110,-5.6,-5.7,0.8,-0.7,Jan-00,59,12,44,22,50,2,0,1,1,238,5.4,2,0,3,4,81.4
64,Rusty Smith,Rusty Smith2010,2010,TEN,72,-5.7,-5.9,0,0.2,0-0,41,0,40,20,50,0,0,1,0,200,5,0,4,1,3,25
64,Matt Hasselbeck,Matt Hasselbeck2010,2010,SEA,823,-5.7,-8.5,1.9,0.9,Mar-00,482,9,444,266,59.9,15,3,6,1,2998,6.8,12,17,29,24,73.2
66,Charlie Whitehurst,Charlie Whitehurst2010,2010,SEA,203,-6.9,-7.6,0.2,0.5,0-0,114,10,99,57,57.6,6,1,1,0,507,5.1,2,3,5,4,65.5
66,Bruce Gradkowski,Bruce Gradkowski2010,2010,OAK,292,-6.9,-6.3,-0.3,-0.3,Mar-00,173,5,158,83,52.5,6,4,4,0,1059,6.7,5,7,10,10,65.9
68,John Skelton,John Skelton2010,2010,ARZ,240,-7,-9.9,2.4,0.5,Jan-00,142,7,126,60,47.6,6,0,1,1,662,5.3,2,2,9,9,62.3
68,Drew Stanton,Drew Stanton2010,2010,DET,247,-7,-9,1.4,0.6,Feb-00,132,7,119,69,58,2,3,0,2,780,6.6,4,3,6,8,78.4
70,Joe Webb,Joe Webb2010,2010,MIN,179,-7.3,-8.1,1.4,-0.6,1-Feb,112,15,89,54,60.7,1,0,2,0,480,5.4,0,3,8,5,61.1
71,Kyle Orton,Kyle Orton2010,2010,DEN,889,-8.2,-2.8,-2.1,-3.3,1-Aug,545,13,498,293,58.8,13,5,9,2,3657,7.3,20,9,34,22,87.6
72,Mark Sanchez,Mark Sanchez2010,2010,NYJ,1060,-8.9,-10,-0.2,1.3,Mar-00,546,11,507,278,54.8,10,5,15,5,3291,6.5,17,13,27,38,75.3
72,Ryan Fitzpatrick,Ryan Fitzpatrick2010,2010,BUF,846,-8.9,-9.9,-0.5,1.5,Feb-00,494,30,441,255,57.8,4,11,12,1,2992,6.8,23,15,23,29,81.8
74,Jon Kitna,Jon Kitna2010,2010,DAL,623,-9,-7.7,-1.4,0.1,Feb-00,357,17,318,209,65.7,6,2,10,1,2365,7.4,16,12,22,19,88.9
75,Todd Collins,Todd Collins2010,2010,CHI,63,-9.1,-9.3,0,0.2,0-0,29,0,27,10,37,1,2,3,0,68,2.5,0,5,2,2,5.9
76,Jake Delhomme,Jake Delhomme2010,2010,CLV,280,-9.3,-7.1,-1.3,-0.9,Feb-00,156,1,149,93,62.4,7,2,2,1,872,5.9,2,7,6,7,63.4
77,Sam Bradford,Sam Bradford2010,2010,SL,1134,-10.3,-13,-0.1,2.8,Feb-00,640,17,590,354,60,18,17,17,3,3521,6,18,15,33,36,76.5
78,Matt Moore,Matt Moore2010,2010,CAR,272,-10.6,-11,-0.1,0.5,0-0,161,5,143,79,55.2,5,2,4,1,857,6,5,10,13,13,55.6
79,Kevin Kolb,Kevin Kolb2010,2010,PHI,366,-11.6,-14.1,1.6,0.9,Jan-00,211,7,189,115,60.8,9,0,7,3,1186,6.3,7,7,16,11,75.8
80,Alex D. Smith,Alex D. Smith2010,2010,SF,627,-12.6,-11,0.4,-2,1-Oct,375,8,342,204,59.6,24,8,8,3,2370,6.9,14,10,25,20,82.1
81,Brett Favre,Brett Favre2010,2010,MIN,756,-16,-10.6,-3.8,-1.6,Sep-00,383,4,358,217,60.6,6,5,4,0,2509,7,11,19,21,22,69.9
82,Jimmy Clausen,Jimmy Clausen2010,2010,CAR,663,-16.7,-11.1,-5.7,0.1,Feb-00,345,12,300,158,52.7,23,3,12,1,1560,5.2,3,9,33,22,58.5
83,Max Hall,Max Hall2010,2010,ARZ,158,-16.9,-16.7,-0.1,-0.1,Jan-00,93,1,78,39,50,3,0,1,0,370,4.7,1,6,14,2,35.7
84,Donovan McNabb,Donovan McNabb2010,2010,WAS,860,-19.7,-18.9,-0.7,-0.1,May-00,525,15,472,275,58.3,7,8,15,2,3377,7.2,14,15,37,29,77.1
85,Derek Anderson,Derek Anderson2010,2010,ARZ,546,-24.4,-23.7,0.4,-1.1,Apr-00,355,3,327,169,51.7,6,4,7,0,2066,6.3,7,10,25,25,65.9
1,Philip Rivers,Philip Rivers2009,2009,SD,964,36.2,37.8,0,-1.6,Jul-00,522,11,486,317,65.2,21,12,2,2,4254,8.8,28,9,25,23,104.4
2,Brett Favre,Brett Favre2009,2009,MIN,1041,32.9,37,-0.5,-3.6,Oct-00,569,3,532,364,68.4,8,4,6,3,4212,7.9,33,7,34,27,107.3
3,Drew Brees,Drew Brees2009,2009,NO,1013,32.6,28.1,3.3,1.2,Mar-00,539,5,514,363,70.6,5,7,13,1,4391,8.5,34,11,20,20,109.7
4,Peyton Manning,Peyton Manning2009,2009,IND,995,26.5,27,-0.7,0.2,Apr-00,583,2,571,393,68.8,7,3,9,0,4518,7.9,33,16,10,24,100
5,Aaron Rodgers,Aaron Rodgers2009,2009,GB,1068,26.4,21.6,3.6,1.2,Mar-00,625,34,541,350,64.7,14,6,9,3,4434,8.2,30,7,49,45,103.2
6,Ben Roethlisberger,Ben Roethlisberger2009,2009,PIT,1003,25.1,22,0.5,2.6,Jan-00,567,11,506,337,66.6,7,12,12,1,4328,8.6,26,12,50,30,100.5
7,Matt Schaub,Matt Schaub2009,2009,HST,1066,20.8,22.5,-4.4,2.7,0-0,626,17,583,396,67.9,22,16,12,5,4770,8.2,29,15,26,23,98.6
8,Joe Flacco,Joe Flacco2009,2009,BLT,1047,18.4,20,-2.2,0.6,1-May,550,14,499,315,63.1,16,6,7,2,3629,7.3,21,12,37,19,89
9,Kurt Warner,Kurt Warner2009,2009,ARZ,889,13,13.7,-1.5,0.8,Mar-00,544,6,514,340,66.1,4,20,14,7,3758,7.3,27,14,24,22,93.8
10,Eli Manning,Eli Manning2009,2009,NYG,992,11.5,13,-2.1,0.6,Apr-00,546,7,509,317,62.3,6,6,11,2,4037,7.9,27,14,30,33,93.3
11,Tom Brady,Tom Brady2009,2009,NE,1084,10.8,13,-1.3,-0.9,1-Jul,587,6,565,371,65.7,11,9,5,0,4398,7.8,28,13,16,34,96.2
12,Donovan McNabb,Donovan McNabb2009,2009,PHI,819,8.5,4.5,2.5,1.5,Feb-00,494,15,443,267,60.3,12,6,18,2,3551,8,22,10,36,27,92.9
13,David Garrard,David Garrard2009,2009,JAX,1053,7.6,5.5,1.4,0.7,Mar-00,593,36,516,314,60.9,20,18,12,3,3597,7,15,10,42,17,83.5
14,Carson Palmer,Carson Palmer2009,2009,CIN,1052,7,7.9,0.9,-1.8,Nov-00,509,17,466,282,60.5,10,3,9,4,3116,6.7,21,13,26,31,83.8
15,Bruce Gradkowski,Bruce Gradkowski2009,2009,OAK,290,2.8,2.7,-0.1,0.2,Feb-00,172,11,150,82,54.7,7,1,5,2,1007,6.7,6,3,11,6,80.6
15,Vince Young,Vince Young2009,2009,TEN,631,2.8,-1.2,3.5,0.5,Jan-00,298,30,259,152,58.7,10,6,3,1,1879,7.3,10,7,9,7,82.8
17,Chad Pennington,Chad Pennington2009,2009,MIA,155,2,1.3,0.3,0.4,0-0,81,1,74,51,68.9,5,2,2,2,413,5.6,1,2,6,3,76
18,Tony Romo,Tony Romo2009,2009,DAL,1098,1.5,1.1,0,0.4,Apr-00,597,13,550,347,63.1,6,4,9,2,4484,8.2,26,9,34,34,97.6
19,Michael Vick,Michael Vick2009,2009,PHI,59,1.3,-0.5,1.8,0,0-0,14,2,12,6,50,0,1,0,0,86,7.2,1,0,0,0,101.4
20,Brodie Croyle,Brodie Croyle2009,2009,KC,64,1.2,1.1,0,0.1,0-0,43,0,40,23,57.5,2,0,2,0,230,5.8,2,0,3,3,90.6
21,Charlie Batch,Charlie Batch2009,2009,PIT,4,0.4,0.4,0,0,0-0,2,0,2,1,50,0,0,0,0,17,8.5,0,0,0,0,79.2
22,Alex D. Smith,Alex D. Smith2009,2009,SF,676,0.2,0,1.1,-0.9,May-00,405,11,372,225,60.5,20,11,13,1,2350,6.3,18,12,22,19,81.5
23,Charlie Frye,Charlie Frye2009,2009,OAK,164,0.1,-0.3,0.5,-0.1,Feb-00,95,3,87,53,60.9,4,2,1,0,581,6.7,1,4,5,2,65.3
24,Brad Smith,Brad Smith2009,2009,NYJ,1,0,0,0,0,0-0,0,0,0,0,0,0,0,0,0,0,0,0,0,0,0,0
24,Matt Gutierrez,Matt Gutierrez2009,2009,KC,5,0,0,0,0,0-0,1,0,1,1,100,0,0,0,0,3,3,0,0,0,0,79.2
24,Lance Moore,Lance Moore2009,2009,NO,13,0,0,0,0,0-0,0,0,0,0,0,0,0,0,0,0,0,0,0,0,0,0
24,J.P. Losman,J.P. Losman2009,2009,OAK,1,0,0,0,0,0-0,1,0,1,0,0,0,1,0,0,0,0,0,0,0,0,39.6
24,Jim Sorgi,Jim Sorgi2009,2009,IND,1,0,0,0,0,0-0,0,0,0,0,0,0,0,0,0,0,0,0,0,0,0,0
29,Tyler Thigpen,Tyler Thigpen2009,2009,KC,2,-0.1,0,-0.1,0,0-0,0,0,0,0,0,0,0,0,0,0,0,0,0,0,0,0
29,David Carr,David Carr2009,2009,NYG,87,-0.1,-0.7,0.5,0.1,Jan-00,39,4,33,21,63.6,0,0,1,1,225,6.8,1,0,2,1,93.6
31,Chad Henne,Chad Henne2009,2009,MIA,873,-0.2,-0.1,-1.9,1.8,Feb-00,484,7,451,274,60.8,9,7,11,3,2880,6.4,12,14,26,29,75.3
32,Tarvaris Jackson,Tarvaris Jackson2009,2009,MIN,87,-0.3,0.1,-0.1,-0.3,Jan-00,22,1,21,14,66.7,0,1,0,0,201,9.6,1,0,0,2,113.4
32,Brian Hoyer,Brian Hoyer2009,2009,NE,66,-0.3,-0.8,0.4,0.1,0-0,32,2,27,19,70.4,0,0,0,0,142,5.3,0,0,2,1,82.6
34,Jeff Garcia,Jeff Garcia2009,2009,PHI,4,-0.5,0,-0.5,0,0-0,0,0,0,0,0,0,0,0,0,0,0,0,0,0,0,0
35,Matt Flynn,Matt Flynn2009,2009,GB,52,-0.6,-0.6,0,0,Jan-00,13,0,12,7,58.3,0,0,0,0,58,4.8,0,1,1,1,36.1
36,Troy Smith,Troy Smith2009,2009,BLT,32,-0.7,-0.9,0.2,0,0-0,10,1,9,5,55.6,0,0,0,0,24,2.7,0,1,0,0,21.3
36,Luke McCown,Luke McCown2009,2009,JAX,8,-0.7,-0.7,0,0,0-0,5,0,3,1,33.3,0,0,0,0,2,0.7,0,0,2,0,42.4
38,Matt Ryan,Matt Ryan2009,2009,ATL,904,-0.8,-1.8,-1.3,2.3,Jan-00,482,12,451,263,58.3,30,6,4,5,2915,6.5,22,14,19,16,80.9
38,Billy Volek,Billy Volek2009,2009,SD,72,-0.8,-0.9,0,0.1,0-0,32,0,31,20,64.5,0,0,0,0,231,7.5,1,1,1,1,84.2
38,Caleb Hanie,Caleb Hanie2009,2009,CHI,11,-0.8,-0.8,0,0,0-0,7,0,7,3,42.9,0,1,0,0,11,1.6,0,1,0,1,10.7
41,Todd Collins,Todd Collins2009,2009,WAS,43,-1,0.4,-1,-0.4,Jan-00,25,0,23,12,52.2,2,1,2,0,144,6.3,0,1,2,2,53.5
42,Brian St. Pierre,Brian St. Pierre2009,2009,ARZ,6,-1.2,-0.7,-0.5,0,0-0,4,0,4,2,50,0,0,0,0,12,3,1,1,0,0,56.3
43,Rex Grossman,Rex Grossman2009,2009,HST,18,-1.9,-1,-0.9,0,0-0,10,1,9,3,33.3,1,1,1,0,33,3.7,0,1,0,0,5.6
44,Tyler Thigpen,Tyler Thigpen2009,2009,MIA,15,-2,-1.9,-0.1,0,0-0,9,1,8,4,50,1,0,0,0,83,10.4,1,2,0,0,87
45,Josh McCown,Josh McCown2009,2009,CAR,8,-2.3,-2.3,0,0,0-0,7,0,6,1,16.7,0,0,0,0,2,0.3,0,0,1,0,39.6
46,J.T. O'Sullivan,J.T. O'Sullivan2009,2009,CIN,44,-2.4,-1.1,-0.4,-0.9,Feb-00,15,1,11,4,36.4,1,0,0,0,40,3.6,0,0,3,1,47.5
47,Kellen Clemens,Kellen Clemens2009,2009,NYJ,108,-2.7,-1.9,-0.6,-0.2,Jan-00,32,2,26,13,50,1,0,0,1,125,4.8,0,0,4,1,63.8
48,Byron Leftwich,Byron Leftwich2009,2009,TB,181,-3,-2.1,-1.4,0.5,0-0,111,2,107,58,54.2,5,4,0,0,596,5.6,4,3,2,11,71.2
49,Pat White,Pat White2009,2009,MIA,52,-3.1,-2.2,-0.9,0,0-0,8,2,5,0,0,0,0,0,0,0,0,0,0,1,0,39.6
49,Shaun Hill,Shaun Hill2009,2009,SF,329,-3.1,-4.1,1.7,-0.7,Apr-00,179,6,155,87,56.1,8,6,3,0,950,6.1,5,2,18,13,79.8
51,Brian Brohm,Brian Brohm2009,2009,BUF,57,-3.8,-3.4,0,-0.4,Jan-00,31,0,29,17,58.6,1,1,1,0,146,5,0,2,2,2,43.2
52,Chris Redman,Chris Redman2009,2009,ATL,212,-4,-4.8,0.3,0.5,0-0,128,1,119,69,58,2,5,5,2,781,6.6,4,3,8,3,78.4
53,Curtis Painter,Curtis Painter2009,2009,IND,48,-4.3,-4,-0.4,0.1,0-0,33,2,28,8,28.6,2,0,0,0,83,3,0,2,3,2,9.8
54,Chris Simms,Chris Simms2009,2009,DEN,51,-4.4,-4.5,0,0.1,0-0,22,0,17,5,29.4,1,3,1,0,23,1.4,0,1,5,1,15.1
55,Matt Leinart,Matt Leinart2009,2009,ARZ,155,-4.5,-4.7,-0.1,0.3,0-0,79,0,77,51,66.2,0,1,0,0,438,5.7,0,3,2,3,64.7
55,Trent Edwards,Trent Edwards2009,2009,BUF,396,-4.5,-6.4,1,0.9,Jan-00,216,11,183,110,60.1,10,4,4,0,1165,6.4,6,7,22,14,73.7
57,Mark Brunell,Mark Brunell2009,2009,NO,79,-4.7,-4.8,0,0.1,0-0,30,0,29,15,51.7,0,3,0,0,102,3.5,0,1,1,1,45.5
58,Kerry Collins,Kerry Collins2009,2009,TEN,408,-4.9,-3.6,-1.4,0.1,Feb-00,224,3,216,119,55.1,15,7,4,0,1232,5.7,6,8,5,21,65.6
59,Dennis Dixon,Dennis Dixon2009,2009,PIT,70,-5.1,-5.7,0.4,0.2,0-0,26,0,26,12,46.2,0,0,2,0,145,5.6,1,1,0,0,60.6
60,Kevin Kolb,Kevin Kolb2009,2009,PHI,163,-5.3,-5.5,-0.2,0.4,0-0,101,1,96,62,64.6,3,2,3,0,741,7.7,4,3,4,3,88.9
60,Ryan Fitzpatrick,Ryan Fitzpatrick2009,2009,BUF,530,-5.3,-8.1,2.2,0.6,Jan-00,267,18,227,127,55.9,1,9,5,1,1424,6.3,9,10,22,14,69.7
62,Matt Moore,Matt Moore2009,2009,CAR,359,-6.6,-6.7,0.3,-0.2,Feb-00,149,2,138,85,61.6,3,3,2,0,1025,7.4,8,2,9,2,97.6
63,Drew Stanton,Drew Stanton2009,2009,DET,110,-7.6,-7.8,-0.1,0.3,0-0,62,6,51,26,51,2,0,0,0,259,5.1,0,6,5,4,26.1
64,Seneca Wallace,Seneca Wallace2009,2009,SEA,225,-7.8,-4.8,-2,-1,Feb-00,133,5,119,77,64.7,1,0,4,0,683,5.7,3,2,9,6,81.3
65,Josh Johnson,Josh Johnson2009,2009,TB,258,-9.2,-10,0.8,0,Jan-00,154,18,125,63,50.4,0,3,6,0,685,5.5,4,8,11,6,50.9
66,Kyle Orton,Kyle Orton2009,2009,DEN,1045,-10,-8.4,-2.7,1.1,Feb-00,580,11,541,336,62.1,21,7,7,1,3799,7,21,12,29,30,86.8
66,Keith Null,Keith Null2009,2009,SL,227,-10,-8.1,-1.9,0,Jan-00,135,3,119,73,61.3,3,1,1,0,571,4.8,4,9,13,4,52.9
68,Matt Hasselbeck,Matt Hasselbeck2009,2009,SEA,888,-12.1,-10.4,-3.5,1.8,Jan-00,538,18,488,293,60,18,6,8,0,3029,6.2,17,17,32,29,75.1
69,Jay Cutler,Jay Cutler2009,2009,CHI,1024,-12.2,-11.8,-0.4,0,Apr-00,609,20,555,336,60.5,15,6,6,5,3676,6.6,27,26,34,24,76.8
70,Marc Bulger,Marc Bulger2009,2009,SL,482,-12.6,-9.6,-2.7,-0.3,Mar-00,267,6,247,140,56.7,6,4,6,1,1469,5.9,5,6,14,18,70.7
71,Kyle Boller,Kyle Boller2009,2009,SL,358,-13.4,-15.1,0.9,0.8,0-0,201,8,176,98,55.7,4,7,6,1,902,5.1,3,6,17,11,61.3
72,Derek Anderson,Derek Anderson2009,2009,CLV,466,-13.7,-14.3,0.1,0.5,Jan-00,194,1,182,81,44.5,6,5,8,1,892,4.9,3,10,11,18,42.2
73,Daunte Culpepper,Daunte Culpepper2009,2009,DET,303,-14.5,-14.2,-0.1,-0.2,Feb-00,182,11,157,89,56.7,5,3,3,1,945,6,3,6,14,7,64.8
74,Jake Delhomme,Jake Delhomme2009,2009,CAR,708,-15.6,-18.6,1.7,1.3,Feb-00,352,8,321,178,55.5,3,6,6,5,2014,6.3,8,18,23,17,59.4
75,Brady Quinn,Brady Quinn2009,2009,CLV,548,-18.1,-18.7,-0.3,0.9,Feb-00,280,5,256,136,53.1,5,3,11,0,1335,5.2,8,7,19,19,67.1
76,Jason Campbell,Jason Campbell2009,2009,WAS,983,-18.2,-17.7,0.4,-0.9,1-Jun,576,27,507,327,64.5,22,13,16,2,3620,7.1,20,15,42,30,86.4
77,Josh Freeman,Josh Freeman2009,2009,TB,590,-20,-19,-1.4,0.4,Mar-00,331,21,291,159,54.6,6,4,7,3,1855,6.4,10,18,19,16,59.9
78,JaMarcus Russell,JaMarcus Russell2009,2009,OAK,557,-23.5,-25.5,0.7,1.3,0-0,286,7,246,120,48.8,4,9,6,1,1287,5.2,3,11,32,27,50
79,Matt Cassel,Matt Cassel2009,2009,KC,1028,-24.2,-17.3,-6.4,-0.5,Aug-00,567,31,494,272,55.1,12,9,14,4,2924,5.9,16,16,42,42,69.9
80,Mark Sanchez,Mark Sanchez2009,2009,NYJ,960,-26.5,-25.4,1.5,-2.6,Aug-00,406,17,363,196,54,16,3,4,2,2444,6.7,12,20,26,20,63.2
81,Matthew Stafford,Matthew Stafford2009,2009,DET,690,-32.7,-34.4,0.4,1.3,Feb-00,416,16,377,201,53.3,9,6,5,7,2271,6,13,20,23,28,61
1,Peyton Manning,Peyton Manning2008,2008,IND,974,31.5,32.3,-1.7,0.9,Apr-00,573,4,555,371,66.8,11,4,12,2,4002,7.2,27,12,14,37,95
2,Matt Ryan,Matt Ryan2008,2008,ATL,1073,18.7,20.2,-4.3,2.8,Jan-00,472,21,434,265,61.1,18,8,4,2,3442,7.9,16,11,17,36,87.7
3,Jake Delhomme,Jake Delhomme2008,2008,CAR,981,17.9,16,0.3,1.6,Feb-00,439,5,414,246,59.4,4,3,17,1,3288,7.9,15,12,20,31,84.7
4,Jay Cutler,Jay Cutler2008,2008,DEN,1074,17.1,13.9,1.9,1.3,Apr-00,652,25,616,384,62.3,5,3,15,4,4526,7.3,25,18,11,48,86
5,Philip Rivers,Philip Rivers2008,2008,SD,983,16.5,18.2,-0.4,-1.3,Sep-00,515,12,478,312,65.3,27,7,6,0,4009,8.4,34,11,25,23,105.5
6,David Garrard,David Garrard2008,2008,JAX,1059,16.3,13.2,2.6,0.5,Mar-00,616,39,535,335,62.6,18,9,8,2,3628,6.8,15,13,42,47,81.7
7,Drew Brees,Drew Brees2008,2008,NO,1102,15.9,15.3,-1.4,2,Mar-00,653,5,635,413,65,8,6,17,6,5074,8,34,17,13,36,96.3
8,Aaron Rodgers,Aaron Rodgers2008,2008,GB,1066,14.5,12.4,2.3,-0.2,Jun-00,600,30,536,341,63.6,23,6,6,5,4045,7.5,28,13,34,43,93.9
9,Chad Pennington,Chad Pennington2008,2008,MIA,986,11.1,8.4,0.7,2,Jan-00,511,12,476,321,67.4,5,8,7,1,3652,7.7,19,7,24,27,97.4
10,Trent Edwards,Trent Edwards2008,2008,BUF,804,8.8,6.1,0.7,2,Feb-00,417,20,374,245,65.5,12,7,7,1,2702,7.2,12,10,23,21,86.3
11,David Carr,David Carr2008,2008,NYG,49,4.5,3.8,0.6,0.1,0-0,16,3,12,9,75,0,0,0,0,115,9.6,2,0,1,0,144.1
12,Jeff Garcia,Jeff Garcia2008,2008,TB,749,4,2.7,2,-0.7,Mar-00,425,26,376,244,64.9,9,5,10,4,2712,7.2,12,6,23,30,90.2
13,Troy Smith,Troy Smith2008,2008,BLT,35,3.3,2.9,0.4,0,0-0,5,0,4,3,75,0,0,0,0,82,20.5,1,0,1,0,156.3
14,Tarvaris Jackson,Tarvaris Jackson2008,2008,MIN,372,2.8,0.5,2.3,0,Jan-00,178,15,149,88,59.1,6,4,2,2,1057,7.1,9,2,14,8,95.4
15,Byron Leftwich,Byron Leftwich2008,2008,PIT,88,2.3,1.7,0.4,0.2,0-0,40,1,36,21,58.3,0,0,1,1,303,8.4,2,0,3,1,104.3
16,Matt Schaub,Matt Schaub2008,2008,HST,732,1.8,3.1,-0.8,-0.5,May-00,416,13,380,251,66.1,15,8,10,5,3043,8,15,10,23,17,92.7
17,Kurt Warner,Kurt Warner2008,2008,ARZ,1017,1.7,5.6,-1.8,-2.1,Oct-00,625,1,598,401,67.1,12,17,16,3,4605,7.7,30,14,26,35,97
18,Jason Campbell,Jason Campbell2008,2008,WAS,1090,1.4,-6,6,1.4,Feb-00,572,28,506,315,62.3,13,8,17,3,3245,6.4,13,6,38,39,84.3
19,Brodie Croyle,Brodie Croyle2008,2008,KC,59,1.2,1.6,0,-0.4,Jan-00,30,0,29,20,69,0,0,1,0,151,5.2,0,0,1,4,81.2
20,Chad Henne,Chad Henne2008,2008,MIA,24,0.5,0.5,0,0,0-0,12,0,12,7,58.3,0,1,0,0,67,5.6,0,0,0,2,74
20,Quinn Gray,Quinn Gray2008,2008,KC,10,0.5,0.6,-0.1,0,0-0,9,1,8,7,87.5,0,0,1,0,76,9.5,1,0,0,0,145.8
22,Seneca Wallace,Seneca Wallace2008,2008,SEA,499,0.4,-1.1,0.9,0.6,Jan-00,265,9,242,141,58.3,8,2,4,2,1532,6.3,11,3,14,18,87
23,Jim Sorgi,Jim Sorgi2008,2008,IND,57,0.1,-0.4,0.4,0.1,0-0,31,1,30,22,73.3,1,0,0,0,178,5.9,0,0,0,1,87.9
23,Marques Hagans,Marques Hagans2008,2008,KC,7,0.1,-0.1,0.2,0,0-0,2,0,1,1,100,0,0,0,0,5,5,0,0,1,0,87.5
25,Josh McCown,Josh McCown2008,2008,CAR,18,0,0,0,0,0-0,0,0,0,0,0,0,0,0,0,0,0,0,0,0,0,0
25,Mark Brunell,Mark Brunell2008,2008,NO,6,0,0,0,0,0-0,0,0,0,0,0,0,0,0,0,0,0,0,0,0,0,0
25,Ronald Curry,Ronald Curry2008,2008,OAK,1,0,0,0,0,0-0,0,0,0,0,0,0,0,0,0,0,0,0,0,0,0,0
25,Joshua Cribbs,Joshua Cribbs2008,2008,CLV,8,0,-0.1,0.1,0,0-0,2,0,2,1,50,0,0,0,0,8,4,0,0,0,0,60.4
29,Brock Berlin,Brock Berlin2008,2008,SL,6,-0.1,-0.1,0,0,0-0,3,0,3,1,33.3,0,0,0,0,6,2,0,0,0,1,42.4
29,Chris Simms,Chris Simms2008,2008,TEN,6,-0.1,-0.1,0,0,0-0,3,0,2,1,50,0,0,0,0,7,3.5,0,0,1,0,58.3
29,Cleo Lemon,Cleo Lemon2008,2008,JAX,9,-0.1,-0.1,0,0,0-0,2,0,2,0,0,1,0,0,0,0,0,0,0,0,1,39.6
32,Kellen Clemens,Kellen Clemens2008,2008,NYJ,21,-0.2,-0.2,0,0,0-0,5,0,5,3,60,0,0,0,0,26,5.2,0,1,0,1,34.2
32,Patrick Ramsey,Patrick Ramsey2008,2008,DEN,4,-0.2,-0.2,0,0,0-0,4,0,3,2,66.7,0,0,0,0,19,6.3,0,0,1,0,84
32,Drew Henson,Drew Henson2008,2008,DET,6,-0.2,-0.2,0,0,0-0,5,0,2,1,50,0,0,0,0,20,10,0,0,3,0,85.4
35,Kevin O'Connell,Kevin O'Connell2008,2008,NE,23,-0.3,-0.3,0,0,0-0,7,0,6,4,66.7,0,0,0,0,23,3.8,0,0,1,0,73.6
36,Shaun Hill,Shaun Hill2008,2008,SF,564,-0.4,-2.7,1.6,0.7,Jan-00,325,14,288,181,62.8,13,2,4,4,2046,7.1,13,8,23,11,87.5
36,Luke McCown,Luke McCown2008,2008,TB,7,-0.4,-0.1,-0.3,0,0-0,3,2,1,0,0,0,0,0,0,0,0,0,0,0,0,39.6
38,Dennis Dixon,Dennis Dixon2008,2008,PIT,7,-0.5,0,0,-0.5,Jan-00,1,0,1,1,100,0,0,0,0,3,3,0,0,0,0,79.2
39,Drew Stanton,Drew Stanton2008,2008,DET,52,-0.7,-0.7,-0.1,0.1,1-Jan,26,3,17,9,52.9,0,0,0,0,119,7,1,0,6,1,95
40,Tom Brady,Tom Brady2008,2008,NE,15,-1,-1,0,0,0-0,11,0,11,7,63.6,0,0,0,0,76,6.9,0,0,0,1,83.9
41,Brady Quinn,Brady Quinn2008,2008,CLV,168,-1.1,-1.7,0.1,0.5,0-0,93,3,89,45,50.6,0,2,2,0,518,5.8,2,2,1,7,66.6
42,Matt Hasselbeck,Matt Hasselbeck2008,2008,SEA,429,-1.3,-2.3,1.4,-0.4,Feb-00,239,11,209,109,52.2,5,1,5,0,1216,5.8,5,10,19,14,57.8
43,Marques Tuiasosopo,Marques Tuiasosopo2008,2008,OAK,11,-1.4,-0.7,-0.7,0,0-0,4,0,2,1,50,0,0,1,0,4,2,0,0,2,0,56.3
44,Charlie Frye,Charlie Frye2008,2008,SEA,54,-1.5,-1.8,0.7,-0.4,Jan-00,28,2,23,12,52.2,0,1,1,0,83,3.6,2,2,3,2,53.4
45,Damon Huard,Damon Huard2008,2008,KC,166,-1.6,-0.7,-0.4,-0.5,Feb-00,92,1,81,50,61.7,0,1,4,1,477,5.9,2,4,9,3,65.7
46,Matt Flynn,Matt Flynn2008,2008,GB,11,-1.7,-1.7,0,0,0-0,5,0,5,2,40,0,0,0,0,6,1.2,0,0,0,0,47.9
47,Eli Manning,Eli Manning2008,2008,NYG,1049,-1.9,-2.8,1.2,-0.3,Jul-00,510,4,479,289,60.3,8,4,11,1,3238,6.8,21,10,27,39,86.4
48,Donovan McNabb,Donovan McNabb2008,2008,PHI,1015,-2.1,-5.6,2.6,0.9,May-00,621,25,571,345,60.4,13,2,11,5,3914,6.9,23,11,23,38,86.4
49,Brooks Bollinger,Brooks Bollinger2008,2008,DAL,38,-2.3,-2.4,0,0.1,0-0,20,0,17,10,58.8,0,1,0,0,71,4.2,1,1,3,1,63.6
49,Jordan Palmer,Jordan Palmer2008,2008,CIN,23,-2.3,-2.2,-0.1,0,0-0,15,1,12,7,58.3,1,0,0,0,41,3.4,0,2,2,1,25.3
51,Matt Leinart,Matt Leinart2008,2008,ARZ,50,-3.5,-3,-0.1,-0.4,Feb-00,32,1,29,15,51.7,0,1,1,0,264,9.1,1,1,2,2,80.2
52,Joe Flacco,Joe Flacco2008,2008,BLT,1119,-3.7,-6.5,1.3,1.5,1-May,474,12,429,257,59.9,18,8,5,1,2970,6.9,15,12,32,24,80.9
53,Kevin Kolb,Kevin Kolb2008,2008,PHI,86,-3.9,-3.6,-0.4,0.1,0-0,36,2,34,17,50,1,0,1,0,144,4.2,0,4,0,2,21.8
54,Andrew Walter,Andrew Walter2008,2008,OAK,99,-4.2,-4.1,-0.4,0.3,0-0,56,2,49,22,44.9,2,0,0,1,204,4.2,0,3,5,3,31.3
54,Bruce Gradkowski,Bruce Gradkowski2008,2008,CLV,60,-4.2,-3.7,-0.1,-0.4,Jan-00,26,1,21,7,33.3,0,1,2,0,26,1.2,0,3,4,3,2.8
56,Brian Griese,Brian Griese2008,2008,TB,348,-4.5,-4.8,0.4,-0.1,Feb-00,194,1,184,110,59.8,3,1,3,1,1073,5.8,5,7,9,17,69.4
57,Sage Rosenfels,Sage Rosenfels2008,2008,HST,345,-6,-4.6,-2.2,0.8,0-0,189,6,174,116,66.7,4,4,5,2,1474,8.5,6,10,9,8,80.5
58,Trent Green,Trent Green2008,2008,SL,145,-6.4,-6.6,-0.2,0.4,0-0,80,2,72,38,52.8,0,3,1,0,525,7.3,0,6,6,6,41.7
58,Kerry Collins,Kerry Collins2008,2008,TEN,924,-6.4,-6.9,-0.2,0.7,Apr-00,429,6,415,242,58.3,16,4,12,0,2677,6.5,12,7,8,33,80.2
60,Tony Romo,Tony Romo2008,2008,DAL,854,-6.5,-1.5,-3.1,-1.9,Jul-00,481,10,451,276,61.2,12,4,4,1,3466,7.7,26,14,20,27,91.4
61,Vince Young,Vince Young2008,2008,TEN,94,-6.6,-6.5,0.2,-0.3,Jan-00,45,6,36,22,61.1,0,0,1,0,219,6.1,1,2,3,5,64.5
62,Tyler Thigpen,Tyler Thigpen2008,2008,KC,775,-7,-11.1,3.3,0.8,Feb-00,488,40,420,230,54.8,8,3,3,4,2608,6.2,18,12,26,25,76
63,Ben Roethlisberger,Ben Roethlisberger2008,2008,PIT,984,-7.1,-3.2,-2.8,-1.1,Jul-00,532,17,468,280,59.8,9,7,6,4,3308,7.1,17,15,47,34,80.1
64,J.T. O'Sullivan,J.T. O'Sullivan2008,2008,SF,478,-9.2,-10.9,1,0.7,Jan-00,273,21,220,128,58.2,12,2,2,1,1678,7.6,8,11,32,15,73.6
65,Carson Palmer,Carson Palmer2008,2008,CIN,260,-9.3,-8.1,-0.3,-0.9,Mar-00,144,4,129,75,58.1,2,2,5,2,731,5.7,3,4,11,7,69
66,Rex Grossman,Rex Grossman2008,2008,CHI,118,-10,-9.9,-0.4,0.3,0-0,64,0,62,32,51.6,5,0,1,0,257,4.1,2,2,2,0,59.7
67,Matt Cassel,Matt Cassel2008,2008,NE,1097,-10.3,-16.3,3.7,2.3,Jan-00,603,40,517,327,63.2,13,6,18,3,3695,7.1,21,11,46,40,89.2
68,Ken Dorsey,Ken Dorsey2008,2008,CLV,176,-10.9,-9.8,-1,-0.1,Jan-00,93,0,88,43,48.9,1,8,2,0,374,4.3,0,6,5,10,32.1
69,Daunte Culpepper,Daunte Culpepper2008,2008,DET,260,-11.3,-11.1,0.2,-0.4,Feb-00,135,6,115,60,52.2,5,2,3,2,786,6.8,4,6,14,4,63.9
70,Jon Kitna,Jon Kitna2008,2008,DET,213,-11.5,-11.3,-0.8,0.6,0-0,139,4,120,68,56.7,3,0,2,1,758,6.3,5,5,15,12,72.2
71,J.P. Losman,J.P. Losman2008,2008,BUF,207,-11.9,-13.2,1.3,0,Feb-00,125,6,104,63,60.6,4,1,0,3,584,5.6,2,5,15,12,62.3
72,Brett Favre,Brett Favre2008,2008,NYJ,1033,-12.9,-12.4,-0.7,0.2,May-00,559,7,522,343,65.7,6,4,8,4,3472,6.7,22,22,30,33,81
73,Dan Orlovsky,Dan Orlovsky2008,2008,DET,456,-13.4,-14.3,-0.1,1,Jan-00,272,3,255,143,56.1,10,4,5,1,1632,6.4,8,8,14,18,72.9
74,Brad Johnson,Brad Johnson2008,2008,DAL,155,-14.4,-14.4,0,0,Jan-00,86,0,78,41,52.6,1,1,2,0,427,5.5,2,5,8,3,50.5
75,Gus Frerotte,Gus Frerotte2008,2008,MIN,704,-15.9,-14.2,-2,0.3,Mar-00,334,4,301,178,59.1,4,2,11,1,2157,7.2,12,15,29,23,73.7
76,Kyle Orton,Kyle Orton2008,2008,CHI,920,-16.6,-15.8,-0.3,-0.5,2-Apr,501,9,465,272,58.5,13,7,17,2,2973,6.4,19,12,27,26,80.3
77,Ryan Fitzpatrick,Ryan Fitzpatrick2008,2008,CIN,761,-17.2,-19,0.1,1.7,1-Feb,448,38,372,221,59.4,5,6,19,2,1905,5.1,8,9,38,26,70
78,Derek Anderson,Derek Anderson2008,2008,CLV,583,-17.3,-14.3,-3.4,0.4,Apr-00,307,10,283,142,50.2,5,8,9,0,1615,5.7,9,8,14,30,66.5
79,JaMarcus Russell,JaMarcus Russell2008,2008,OAK,865,-17.8,-19.4,1.1,0.5,Apr-00,409,11,368,198,53.8,16,8,4,1,2423,6.6,13,8,30,22,77.1
80,Marc Bulger,Marc Bulger2008,2008,SL,906,-21.3,-23.1,0.1,1.7,Jan-00,485,6,440,251,57,10,1,10,0,2717,6.2,11,13,38,30,71.4
